;Unnamed: 0;tanggal_tweet;pengguna;isi_tweet;sentimen;step01;tokens;final_tokens;step02
0;0;2022-10-30 17:01:29+00:00;shinebieber99;RT @xcintakiehlx: Hi Sahabat Perempuan dan Anak. Kalau kamu mengalami kekerasan, segera laporkan ke Layanan SAPA 129 atau Whatsapp ke 08111â€¦;0;rt user hi sahabat perempuan dan anak kalau kamu mengalami kekerasan segera laporkan ke layanan sapa number atau whatsapp ke number;['rt', 'user', 'hi', 'sahabat', 'perempuan', 'dan', 'anak', 'kalau', 'kamu', 'mengalami', 'kekerasan', 'segera', 'laporkan', 'ke', 'layanan', 'sapa', 'number', 'atau', 'whatsapp', 'ke', 'number'];['rt', 'user', 'hi', 'sahabat', 'perempuan', 'dan', 'anak', 'kalau', 'kamu', 'mengalami', 'kekerasan', 'segera', 'laporkan', 'ke', 'layanan', 'sapa', 'number', 'atau', 'whatsapp', 'ke', 'number'];rt user hi sahabat perempuan dan anak kalau kamu mengalami kekerasan segera laporkan ke layanan sapa number atau whatsapp ke number
1;1;2022-10-30 16:59:28+00:00;Thomastjik;@sezer1405 @Madebylaluna @Leonita_Lestari @Cintada16 @xcintakiehlx @Syarman59 @RaniKancana__ @SeruniPuspaAlam Cuekiâ€¦ https://t.co/fz1L9L3lty;0;user user user user user user user user cueki cofz1l9l3lty;['user', 'user', 'user', 'user', 'user', 'user', 'user', 'user', 'cueki', 'cofz1l9l3lty'];['user', 'user', 'user', 'user', 'user', 'user', 'user', 'user', 'cueki', 'cofz1l9l3lty'];user user user user user user user user cueki cofz1l9l3lty
2;2;2022-10-30 16:49:24+00:00;Kembara082022;"RT @sezer1405: Wah gak terima saya KEBAYA disebut pakaian asalnya dari India dan disebut pakaian BUDAK!

ğŸ˜¡

@Madebylaluna @Leonita_Lestariâ€¦";0;rt user wah gak terima saya kebaya disebut pakaian asalnya dari india dan disebut pakaian budak user user;['rt', 'user', 'wah', 'gak', 'terima', 'saya', 'kebaya', 'disebut', 'pakaian', 'asalnya', 'dari', 'india', 'dan', 'disebut', 'pakaian', 'budak', 'user', 'user'];['rt', 'user', 'wah', 'gak', 'terima', 'saya', 'kebaya', 'disebut', 'pakaian', 'asalnya', 'dari', 'india', 'dan', 'disebut', 'pakaian', 'budak', 'user', 'user'];rt user wah gak terima saya kebaya disebut pakaian asalnya dari india dan disebut pakaian budak user user
3;3;2022-10-30 16:39:05+00:00;TMaroe;"RT @sezer1405: Wah gak terima saya KEBAYA disebut pakaian asalnya dari India dan disebut pakaian BUDAK!

ğŸ˜¡

@Madebylaluna @Leonita_Lestariâ€¦";0;rt user wah gak terima saya kebaya disebut pakaian asalnya dari india dan disebut pakaian budak user user;['rt', 'user', 'wah', 'gak', 'terima', 'saya', 'kebaya', 'disebut', 'pakaian', 'asalnya', 'dari', 'india', 'dan', 'disebut', 'pakaian', 'budak', 'user', 'user'];['rt', 'user', 'wah', 'gak', 'terima', 'saya', 'kebaya', 'disebut', 'pakaian', 'asalnya', 'dari', 'india', 'dan', 'disebut', 'pakaian', 'budak', 'user', 'user'];rt user wah gak terima saya kebaya disebut pakaian asalnya dari india dan disebut pakaian budak user user
4;4;2022-10-30 16:17:02+00:00;sezer1405;RT @redpicasa: @sezer1405 @Madebylaluna @Leonita_Lestari @Cintada16 @xcintakiehlx @Syarman59 @RaniKancana__ @SeruniPuspaAlam Dia bilang dalâ€¦;0;rt user user user user user user user user user dia bilang dal;['rt', 'user', 'user', 'user', 'user', 'user', 'user', 'user', 'user', 'user', 'dia', 'bilang', 'dal'];['rt', 'user', 'user', 'user', 'user', 'user', 'user', 'user', 'user', 'user', 'dia', 'bilang', 'dal'];rt user user user user user user user user user dia bilang dal
5;5;2022-10-30 15:03:35+00:00;wongkalibanteng;"RT @sezer1405: Wah gak terima saya KEBAYA disebut pakaian asalnya dari India dan disebut pakaian BUDAK!

ğŸ˜¡

@Madebylaluna @Leonita_Lestariâ€¦";0;rt user wah gak terima saya kebaya disebut pakaian asalnya dari india dan disebut pakaian budak user user;['rt', 'user', 'wah', 'gak', 'terima', 'saya', 'kebaya', 'disebut', 'pakaian', 'asalnya', 'dari', 'india', 'dan', 'disebut', 'pakaian', 'budak', 'user', 'user'];['rt', 'user', 'wah', 'gak', 'terima', 'saya', 'kebaya', 'disebut', 'pakaian', 'asalnya', 'dari', 'india', 'dan', 'disebut', 'pakaian', 'budak', 'user', 'user'];rt user wah gak terima saya kebaya disebut pakaian asalnya dari india dan disebut pakaian budak user user
6;6;2022-10-30 15:03:21+00:00;YusufNusantara5;@sezer1405 @Madebylaluna @Leonita_Lestari @Cintada16 @xcintakiehlx @Syarman59 @RaniKancana__ @SeruniPuspaAlam ..Narâ€¦ https://t.co/U1WLvstL4Q;0;user user user user user user user user nar cou1wlvstl4q;['user', 'user', 'user', 'user', 'user', 'user', 'user', 'user', 'nar', 'cou1wlvstl4q'];['user', 'user', 'user', 'user', 'user', 'user', 'user', 'user', 'nar', 'cou1wlvstl4q'];user user user user user user user user nar cou1wlvstl4q
7;7;2022-10-30 14:50:29+00:00;davidmimchaewl;"RT @Deariy: Ternyata @xcintakiehlx Jurusan Psikologi toh.. Wow.. Cumlaude asli. 3.9.
Proud of you Queen..!!
#Kasmaran https://t.co/ynUkMIBlâ€¦";1;rt user ternyata user jurusan psikologi toh wow cumlaude asli number proud of you queen hashtag kasmaran hashtag coynukmibl;['rt', 'user', 'ternyata', 'user', 'jurusan', 'psikologi', 'toh', 'wow', 'cumlaude', 'asli', 'number', 'proud', 'of', 'you', 'queen', 'hashtag', 'kasmaran', 'hashtag', 'coynukmibl'];['rt', 'user', 'ternyata', 'user', 'jurusan', 'psikologi', 'toh', 'wow', 'cumlaude', 'asli', 'number', 'proud', 'of', 'you', 'queen', 'hashtag', 'kasmaran', 'hashtag', 'coynukmibl'];rt user ternyata user jurusan psikologi toh wow cumlaude asli number proud of you queen hashtag kasmaran hashtag coynukmibl
8;8;2022-10-30 14:11:24+00:00;Hendrikorachman;Sesuai instruksi pk @maman1965 tth filsuf. Godaan yg paling berat itu sex sesuai analisa @catwomanizer, apalagi jikâ€¦ https://t.co/eZFMrlTPWp;0;sesuai instruksi pk user tth filsuf godaan yg paling berat itu sex sesuai analisa user apalagi jik coezfmrltpwp;['sesuai', 'instruksi', 'pk', 'user', 'tth', 'filsuf', 'godaan', 'yg', 'paling', 'berat', 'itu', 'sex', 'sesuai', 'analisa', 'user', 'apalagi', 'jik', 'coezfmrltpwp'];['sesuai', 'instruksi', 'pk', 'user', 'tth', 'filsuf', 'godaan', 'yg', 'paling', 'berat', 'itu', 'sex', 'sesuai', 'analisa', 'user', 'apalagi', 'jik', 'coezfmrltpwp'];sesuai instruksi pk user tth filsuf godaan yg paling berat itu sex sesuai analisa user apalagi jik coezfmrltpwp
9;9;2022-10-30 14:00:41+00:00;Hendrikorachman;Salah satu mahkluk yg masih hidup diluar kenabian adalah DAJAL.Keajaiban ghoib bin jahiliyah sangat marak sblm Rosuâ€¦ https://t.co/FlT3aCkwh2;0;salah satu mahkluk yg masih hidup diluar kenabian adalah dajal keajaiban ghoib bin jahiliyah sangat marak sblm rosu coflt3ackwh2;['salah', 'satu', 'mahkluk', 'yg', 'masih', 'hidup', 'diluar', 'kenabian', 'adalah', 'dajal', 'keajaiban', 'ghoib', 'bin', 'jahiliyah', 'sangat', 'marak', 'sblm', 'rosu', 'coflt3ackwh2'];['salah', 'satu', 'mahkluk', 'yg', 'masih', 'hidup', 'diluar', 'kenabian', 'adalah', 'dajal', 'keajaiban', 'ghoib', 'bin', 'jahiliyah', 'sangat', 'marak', 'sblm', 'rosu', 'coflt3ackwh2'];salah satu mahkluk yg masih hidup diluar kenabian adalah dajal keajaiban ghoib bin jahiliyah sangat marak sblm rosu coflt3ackwh2
10;10;2022-10-30 13:53:40+00:00;Hendrikorachman;"Napa dlm keyakinan SAMAWI Nabi &amp; Rosul terakhir  Nabi Muhammad SAW, begitu byk ramalan tepat krn langit ketujuh terâ€¦ https://t.co/slCGYeUdPV";0;napa dlm keyakinan samawi nabi rosul terakhir nabi muhammad saw begitu byk ramalan tepat krn langit ketujuh ter coslcgyeudpv;['napa', 'dlm', 'keyakinan', 'samawi', 'nabi', 'rosul', 'terakhir', 'nabi', 'muhammad', 'saw', 'begitu', 'byk', 'ramalan', 'tepat', 'krn', 'langit', 'ketujuh', 'ter', 'coslcgyeudpv'];['napa', 'dlm', 'keyakinan', 'samawi', 'nabi', 'rosul', 'terakhir', 'nabi', 'muhammad', 'saw', 'begitu', 'byk', 'ramalan', 'tepat', 'krn', 'langit', 'ketujuh', 'ter', 'coslcgyeudpv'];napa dlm keyakinan samawi nabi rosul terakhir nabi muhammad saw begitu byk ramalan tepat krn langit ketujuh ter coslcgyeudpv
11;11;2022-10-30 13:49:36+00:00;Hendrikorachman;Saya prihatin tragedi hellowwen di korsel.Byk rahasia langit terbuka sblm Nabi Muhammad SAW lakukan isra'mi'raj. Beâ€¦ https://t.co/QDsORRaLPU;0;saya prihatin tragedi hellowwen di korsel byk rahasia langit terbuka sblm nabi muhammad saw lakukan isra mi raj be coqdsorralpu;['saya', 'prihatin', 'tragedi', 'hellowwen', 'di', 'korsel', 'byk', 'rahasia', 'langit', 'terbuka', 'sblm', 'nabi', 'muhammad', 'saw', 'lakukan', 'isra', 'mi', 'raj', 'be', 'coqdsorralpu'];['saya', 'prihatin', 'tragedi', 'hellowwen', 'di', 'korsel', 'byk', 'rahasia', 'langit', 'terbuka', 'sblm', 'nabi', 'muhammad', 'saw', 'lakukan', 'isra', 'mi', 'raj', 'be', 'coqdsorralpu'];saya prihatin tragedi hellowwen di korsel byk rahasia langit terbuka sblm nabi muhammad saw lakukan isra mi raj be coqdsorralpu
12;12;2022-10-30 13:07:21+00:00;Alfiyan994;@sezer1405 @Madebylaluna @Leonita_Lestari @Cintada16 @xcintakiehlx @Syarman59 @RaniKancana__ @SeruniPuspaAlam hahahâ€¦ https://t.co/LwfdHOAqbB;0;user user user user user user user user hahah colwfdhoaqbb;['user', 'user', 'user', 'user', 'user', 'user', 'user', 'user', 'hahah', 'colwfdhoaqbb'];['user', 'user', 'user', 'user', 'user', 'user', 'user', 'user', 'hahah', 'colwfdhoaqbb'];user user user user user user user user hahah colwfdhoaqbb
13;13;2022-10-30 12:59:36+00:00;kyo_shiro007;@unusualyouth Eh eh,, kayag da mau kiamat aj ya. Anak bukan di lindungi malah mau digerayangi. Berasa hak milik diaâ€¦ https://t.co/GcB8GSDqOj;0;user eh eh kayag da mau kiamat aj ya anak bukan di lindungi malah mau digerayangi berasa hak milik dia cogcb8gsdqoj;['user', 'eh', 'eh', 'kayag', 'da', 'mau', 'kiamat', 'aj', 'ya', 'anak', 'bukan', 'di', 'lindungi', 'malah', 'mau', 'digerayangi', 'berasa', 'hak', 'milik', 'dia', 'cogcb8gsdqoj'];['user', 'eh', 'eh', 'kayag', 'da', 'mau', 'kiamat', 'aj', 'ya', 'anak', 'bukan', 'di', 'lindungi', 'malah', 'mau', 'digerayangi', 'berasa', 'hak', 'milik', 'dia', 'cogcb8gsdqoj'];user eh eh kayag da mau kiamat aj ya anak bukan di lindungi malah mau digerayangi berasa hak milik dia cogcb8gsdqoj
14;14;2022-10-30 12:09:06+00:00;Sudarno_Silaban;@sezer1405 @Madebylaluna @Leonita_Lestari @Cintada16 @xcintakiehlx @Syarman59 @RaniKancana__ @SeruniPuspaAlam Itu oâ€¦ https://t.co/bJkqjxlSIr;0;user user user user user user user user itu cobjkqjxlsir;['user', 'user', 'user', 'user', 'user', 'user', 'user', 'user', 'itu', 'cobjkqjxlsir'];['user', 'user', 'user', 'user', 'user', 'user', 'user', 'user', 'itu', 'cobjkqjxlsir'];user user user user user user user user itu cobjkqjxlsir
15;15;2022-10-30 11:29:22+00:00;redpicasa;@sezer1405 @Madebylaluna @Leonita_Lestari @Cintada16 @xcintakiehlx @Syarman59 @RaniKancana__ @SeruniPuspaAlam Dia bâ€¦ https://t.co/aSe78If4bT;0;user user user user user user user user dia coase78if4bt;['user', 'user', 'user', 'user', 'user', 'user', 'user', 'user', 'dia', 'coase78if4bt'];['user', 'user', 'user', 'user', 'user', 'user', 'user', 'user', 'dia', 'coase78if4bt'];user user user user user user user user dia coase78if4bt
16;16;2022-10-30 11:28:19+00:00;breaking_bad__4;@sezer1405 @SeruniPuspaAlam @Madebylaluna @Leonita_Lestari @Cintada16 @xcintakiehlx @Syarman59 @RaniKancana__ Jugaâ€¦ https://t.co/SFK39AWAMp;0;user user user user user user user user juga cosfk39awamp;['user', 'user', 'user', 'user', 'user', 'user', 'user', 'user', 'juga', 'cosfk39awamp'];['user', 'user', 'user', 'user', 'user', 'user', 'user', 'user', 'juga', 'cosfk39awamp'];user user user user user user user user juga cosfk39awamp
17;17;2022-10-30 11:25:59+00:00;SubchanBecam;@sezer1405 @SeruniPuspaAlam @Madebylaluna @Leonita_Lestari @Cintada16 @xcintakiehlx @Syarman59 @RaniKancana__ Budak bohir teriak budak;0;user user user user user user user user budak bohir teriak budak;['user', 'user', 'user', 'user', 'user', 'user', 'user', 'user', 'budak', 'bohir', 'teriak', 'budak'];['user', 'user', 'user', 'user', 'user', 'user', 'user', 'user', 'budak', 'bohir', 'teriak', 'budak'];user user user user user user user user budak bohir teriak budak
18;18;2022-10-30 10:45:55+00:00;TianSutianah;@sezer1405 @Madebylaluna @Leonita_Lestari @Cintada16 @xcintakiehlx @Syarman59 @RaniKancana__ @SeruniPuspaAlam Ulamaâ€¦ https://t.co/B3gNGBIuG9;0;user user user user user user user user ulama cob3gngbiug9;['user', 'user', 'user', 'user', 'user', 'user', 'user', 'user', 'ulama', 'cob3gngbiug9'];['user', 'user', 'user', 'user', 'user', 'user', 'user', 'user', 'ulama', 'cob3gngbiug9'];user user user user user user user user ulama cob3gngbiug9
19;19;2022-10-30 09:44:19+00:00;WahyuUt22351265;@sezer1405 @Madebylaluna @Leonita_Lestari @Cintada16 @xcintakiehlx @Syarman59 @RaniKancana__ @SeruniPuspaAlam Apapuâ€¦ https://t.co/ZL8RXEQELe;0;user user user user user user user user apapu cozl8rxeqele;['user', 'user', 'user', 'user', 'user', 'user', 'user', 'user', 'apapu', 'cozl8rxeqele'];['user', 'user', 'user', 'user', 'user', 'user', 'user', 'user', 'apapu', 'cozl8rxeqele'];user user user user user user user user apapu cozl8rxeqele
20;20;2022-10-30 09:33:50+00:00;IrSarwono6;RT @IrSarwono6: @puanmaharani_ri @jokowi @AnnisaPohan @AgusYudhoyono @aliyarajasa @Edhie_Baskoro @SBYudhoyono @pramonoanung @xcintakiehlx Iâ€¦;0;rt user user user user user user user user user user;['rt', 'user', 'user', 'user', 'user', 'user', 'user', 'user', 'user', 'user', 'user'];['rt', 'user', 'user', 'user', 'user', 'user', 'user', 'user', 'user', 'user', 'user'];rt user user user user user user user user user user
21;21;2022-10-30 09:33:20+00:00;IrSarwono6;@puanmaharani_ri @jokowi @AnnisaPohan @AgusYudhoyono @aliyarajasa @Edhie_Baskoro @SBYudhoyono @pramonoanungâ€¦ https://t.co/VT6pdMyxxa;0;user user user user user user user user covt6pdmyxxa;['user', 'user', 'user', 'user', 'user', 'user', 'user', 'user', 'covt6pdmyxxa'];['user', 'user', 'user', 'user', 'user', 'user', 'user', 'user', 'covt6pdmyxxa'];user user user user user user user user covt6pdmyxxa
22;22;2022-10-30 08:56:19+00:00;ujay90;"RT @sezer1405: Wah gak terima saya KEBAYA disebut pakaian asalnya dari India dan disebut pakaian BUDAK!

ğŸ˜¡

@Madebylaluna @Leonita_Lestariâ€¦";0;rt user wah gak terima saya kebaya disebut pakaian asalnya dari india dan disebut pakaian budak user user;['rt', 'user', 'wah', 'gak', 'terima', 'saya', 'kebaya', 'disebut', 'pakaian', 'asalnya', 'dari', 'india', 'dan', 'disebut', 'pakaian', 'budak', 'user', 'user'];['rt', 'user', 'wah', 'gak', 'terima', 'saya', 'kebaya', 'disebut', 'pakaian', 'asalnya', 'dari', 'india', 'dan', 'disebut', 'pakaian', 'budak', 'user', 'user'];rt user wah gak terima saya kebaya disebut pakaian asalnya dari india dan disebut pakaian budak user user
23;23;2022-10-30 08:16:12+00:00;basaillive;@sezer1405 @Madebylaluna @Leonita_Lestari @Cintada16 @xcintakiehlx @Syarman59 @RaniKancana__ @SeruniPuspaAlam Laporâ€¦ https://t.co/mVtaZxxfqL;0;user user user user user user user user lapor comvtazxxfql;['user', 'user', 'user', 'user', 'user', 'user', 'user', 'user', 'lapor', 'comvtazxxfql'];['user', 'user', 'user', 'user', 'user', 'user', 'user', 'user', 'lapor', 'comvtazxxfql'];user user user user user user user user lapor comvtazxxfql
24;24;2022-10-30 08:12:14+00:00;OnayRiano;@sezer1405 @Madebylaluna @Leonita_Lestari @Cintada16 @xcintakiehlx @Syarman59 @RaniKancana__ @SeruniPuspaAlam Gamis pakaian jahiliah ... ğŸ˜œ;0;user user user user user user user user gamis pakaian jahiliah;['user', 'user', 'user', 'user', 'user', 'user', 'user', 'user', 'gamis', 'pakaian', 'jahiliah'];['user', 'user', 'user', 'user', 'user', 'user', 'user', 'user', 'gamis', 'pakaian', 'jahiliah'];user user user user user user user user gamis pakaian jahiliah
25;25;2022-10-30 08:00:17+00:00;RaniKancana__;"RT @sezer1405: Wah gak terima saya KEBAYA disebut pakaian asalnya dari India dan disebut pakaian BUDAK!

ğŸ˜¡

@Madebylaluna @Leonita_Lestariâ€¦";0;rt user wah gak terima saya kebaya disebut pakaian asalnya dari india dan disebut pakaian budak user user;['rt', 'user', 'wah', 'gak', 'terima', 'saya', 'kebaya', 'disebut', 'pakaian', 'asalnya', 'dari', 'india', 'dan', 'disebut', 'pakaian', 'budak', 'user', 'user'];['rt', 'user', 'wah', 'gak', 'terima', 'saya', 'kebaya', 'disebut', 'pakaian', 'asalnya', 'dari', 'india', 'dan', 'disebut', 'pakaian', 'budak', 'user', 'user'];rt user wah gak terima saya kebaya disebut pakaian asalnya dari india dan disebut pakaian budak user user
26;26;2022-10-30 07:46:32+00:00;hatimu_sakit;@sezer1405 @SeruniPuspaAlam @Madebylaluna @Leonita_Lestari @Cintada16 @xcintakiehlx @Syarman59 @RaniKancana__ Teoriâ€¦ https://t.co/Pb1gO1UP7C;0;user user user user user user user user teori copb1go1up7c;['user', 'user', 'user', 'user', 'user', 'user', 'user', 'user', 'teori', 'copb1go1up7c'];['user', 'user', 'user', 'user', 'user', 'user', 'user', 'user', 'teori', 'copb1go1up7c'];user user user user user user user user teori copb1go1up7c
27;27;2022-10-30 07:43:22+00:00;SeruniPuspaAlam;"RT @sezer1405: Wah gak terima saya KEBAYA disebut pakaian asalnya dari India dan disebut pakaian BUDAK!

ğŸ˜¡

@Madebylaluna @Leonita_Lestariâ€¦";0;rt user wah gak terima saya kebaya disebut pakaian asalnya dari india dan disebut pakaian budak user user;['rt', 'user', 'wah', 'gak', 'terima', 'saya', 'kebaya', 'disebut', 'pakaian', 'asalnya', 'dari', 'india', 'dan', 'disebut', 'pakaian', 'budak', 'user', 'user'];['rt', 'user', 'wah', 'gak', 'terima', 'saya', 'kebaya', 'disebut', 'pakaian', 'asalnya', 'dari', 'india', 'dan', 'disebut', 'pakaian', 'budak', 'user', 'user'];rt user wah gak terima saya kebaya disebut pakaian asalnya dari india dan disebut pakaian budak user user
28;28;2022-10-30 07:42:54+00:00;Madebylaluna;"RT @sezer1405: Wah gak terima saya KEBAYA disebut pakaian asalnya dari India dan disebut pakaian BUDAK!

ğŸ˜¡

@Madebylaluna @Leonita_Lestariâ€¦";0;rt user wah gak terima saya kebaya disebut pakaian asalnya dari india dan disebut pakaian budak user user;['rt', 'user', 'wah', 'gak', 'terima', 'saya', 'kebaya', 'disebut', 'pakaian', 'asalnya', 'dari', 'india', 'dan', 'disebut', 'pakaian', 'budak', 'user', 'user'];['rt', 'user', 'wah', 'gak', 'terima', 'saya', 'kebaya', 'disebut', 'pakaian', 'asalnya', 'dari', 'india', 'dan', 'disebut', 'pakaian', 'budak', 'user', 'user'];rt user wah gak terima saya kebaya disebut pakaian asalnya dari india dan disebut pakaian budak user user
29;29;2022-10-30 07:41:00+00:00;sezer1405;"Wah gak terima saya KEBAYA disebut pakaian asalnya dari India dan disebut pakaian BUDAK!

ğŸ˜¡

@Madebylalunaâ€¦ https://t.co/KbqGc322ht";0;wah gak terima saya kebaya disebut pakaian asalnya dari india dan disebut pakaian budak user cokbqgc322ht;['wah', 'gak', 'terima', 'saya', 'kebaya', 'disebut', 'pakaian', 'asalnya', 'dari', 'india', 'dan', 'disebut', 'pakaian', 'budak', 'user', 'cokbqgc322ht'];['wah', 'gak', 'terima', 'saya', 'kebaya', 'disebut', 'pakaian', 'asalnya', 'dari', 'india', 'dan', 'disebut', 'pakaian', 'budak', 'user', 'cokbqgc322ht'];wah gak terima saya kebaya disebut pakaian asalnya dari india dan disebut pakaian budak user cokbqgc322ht
30;30;2022-10-30 03:15:22+00:00;IrSarwono6;RT @IrSarwono6: @puanmaharani_ri @jokowi @AnnisaPohan @AgusYudhoyono @aliyarajasa @Edhie_Baskoro @SBYudhoyono @pramonoanung III. Pertum Ekoâ€¦;0;rt user user user user user user user user user iii pertum eko;['rt', 'user', 'user', 'user', 'user', 'user', 'user', 'user', 'user', 'user', 'iii', 'pertum', 'eko'];['rt', 'user', 'user', 'user', 'user', 'user', 'user', 'user', 'user', 'user', 'iii', 'pertum', 'eko'];rt user user user user user user user user user iii pertum eko
31;31;2022-10-30 03:14:01+00:00;IrSarwono6;RT @IrSarwono6: @puanmaharani_ri @jokowi @AnnisaPohan @AgusYudhoyono @aliyarajasa @Edhie_Baskoro @SBYudhoyono @pramonoanung @xcintakiehlx Iâ€¦;0;rt user user user user user user user user user user;['rt', 'user', 'user', 'user', 'user', 'user', 'user', 'user', 'user', 'user', 'user'];['rt', 'user', 'user', 'user', 'user', 'user', 'user', 'user', 'user', 'user', 'user'];rt user user user user user user user user user user
32;32;2022-10-30 02:19:16+00:00;IrSarwono6;@puanmaharani_ri @jokowi @AnnisaPohan @AgusYudhoyono @aliyarajasa @Edhie_Baskoro @SBYudhoyono @pramonoanungâ€¦ https://t.co/vHqgRwBbgp;0;user user user user user user user user covhqgrwbbgp;['user', 'user', 'user', 'user', 'user', 'user', 'user', 'user', 'covhqgrwbbgp'];['user', 'user', 'user', 'user', 'user', 'user', 'user', 'user', 'covhqgrwbbgp'];user user user user user user user user covhqgrwbbgp
33;33;2022-10-30 02:13:15+00:00;IrSarwono6;@puanmaharani_ri @jokowi @AnnisaPohan @AgusYudhoyono @aliyarajasa @Edhie_Baskoro @SBYudhoyono @pramonoanung III. Peâ€¦ https://t.co/ynl0t1w99D;0;user user user user user user user user iii pe coynl0t1w99d;['user', 'user', 'user', 'user', 'user', 'user', 'user', 'user', 'iii', 'pe', 'coynl0t1w99d'];['user', 'user', 'user', 'user', 'user', 'user', 'user', 'user', 'iii', 'pe', 'coynl0t1w99d'];user user user user user user user user iii pe coynl0t1w99d
34;34;2022-10-29 10:56:02+00:00;jaowlia;RT @xcintakiehlx: Akhirnya badanku menyerah juga.ğŸ¤’ https://t.co/1wd0vLDyON;0;rt user akhirnya badanku menyerah juga co1wd0vldyon;['rt', 'user', 'akhirnya', 'badanku', 'menyerah', 'juga', 'co1wd0vldyon'];['rt', 'user', 'akhirnya', 'badanku', 'menyerah', 'juga', 'co1wd0vldyon'];rt user akhirnya badanku menyerah juga co1wd0vldyon
35;35;2022-10-29 10:19:24+00:00;IrvanJou;RT @xcintakiehlx: Sumpah pemuda Indonesia untuk tetap menjaga NKRI .ğŸ‡®ğŸ‡© https://t.co/a4Hl5nHPwh;0;rt user sumpah pemuda indonesia untuk tetap menjaga nkri coa4hl5nhpwh;['rt', 'user', 'sumpah', 'pemuda', 'indonesia', 'untuk', 'tetap', 'menjaga', 'nkri', 'coa4hl5nhpwh'];['rt', 'user', 'sumpah', 'pemuda', 'indonesia', 'untuk', 'tetap', 'menjaga', 'nkri', 'coa4hl5nhpwh'];rt user sumpah pemuda indonesia untuk tetap menjaga nkri coa4hl5nhpwh
36;36;2022-10-29 10:01:59+00:00;HariMulyawan50;RT @xcintakiehlx: Sumpah pemuda Indonesia untuk tetap menjaga NKRI .ğŸ‡®ğŸ‡© https://t.co/a4Hl5nHPwh;0;rt user sumpah pemuda indonesia untuk tetap menjaga nkri coa4hl5nhpwh;['rt', 'user', 'sumpah', 'pemuda', 'indonesia', 'untuk', 'tetap', 'menjaga', 'nkri', 'coa4hl5nhpwh'];['rt', 'user', 'sumpah', 'pemuda', 'indonesia', 'untuk', 'tetap', 'menjaga', 'nkri', 'coa4hl5nhpwh'];rt user sumpah pemuda indonesia untuk tetap menjaga nkri coa4hl5nhpwh
37;37;2022-10-29 05:17:10+00:00;puretokun;wihh @xcintakiehlx X JKT48???? ğŸ”¥ğŸ”¥ğŸ”¥ğŸ”¥ğŸ”¥ğŸ”¥ğŸ”¥ğŸ”¥ğŸ”¥ https://t.co/fhz3KiPcan;0;wihh user jkt48 cofhz3kipcan;['wihh', 'user', 'jkt48', 'cofhz3kipcan'];['wihh', 'user', 'jkt48', 'cofhz3kipcan'];wihh user jkt48 cofhz3kipcan
38;38;2022-10-29 04:14:23+00:00;JGR48_ind;"[INFO]

@officialJKT48 akan berkolaborasi bersama dengan @xcintakiehlx pada acafa ""Grand Final Bintang SMA 2022""â€¦ https://t.co/WVMdSsJ7sh";1;info user akan berkolaborasi bersama dengan user pada acafa grand final bintang sma number cowvmdssj7sh;['info', 'user', 'akan', 'berkolaborasi', 'bersama', 'dengan', 'user', 'pada', 'acafa', 'grand', 'final', 'bintang', 'sma', 'number', 'cowvmdssj7sh'];['info', 'user', 'akan', 'berkolaborasi', 'bersama', 'dengan', 'user', 'pada', 'acafa', 'grand', 'final', 'bintang', 'sma', 'number', 'cowvmdssj7sh'];info user akan berkolaborasi bersama dengan user pada acafa grand final bintang sma number cowvmdssj7sh
39;39;2022-10-29 01:24:26+00:00;carin_rezpector;RT @xcintakiehlx: Sumpah pemuda Indonesia untuk tetap menjaga NKRI .ğŸ‡®ğŸ‡© https://t.co/a4Hl5nHPwh;0;rt user sumpah pemuda indonesia untuk tetap menjaga nkri coa4hl5nhpwh;['rt', 'user', 'sumpah', 'pemuda', 'indonesia', 'untuk', 'tetap', 'menjaga', 'nkri', 'coa4hl5nhpwh'];['rt', 'user', 'sumpah', 'pemuda', 'indonesia', 'untuk', 'tetap', 'menjaga', 'nkri', 'coa4hl5nhpwh'];rt user sumpah pemuda indonesia untuk tetap menjaga nkri coa4hl5nhpwh
40;40;2022-10-29 00:41:30+00:00;Eman8Junkgod;@xcintakiehlx Aku menjaga kamu aja bebh;0;user aku menjaga kamu aja bebh;['user', 'aku', 'menjaga', 'kamu', 'aja', 'bebh'];['user', 'aku', 'menjaga', 'kamu', 'aja', 'bebh'];user aku menjaga kamu aja bebh
41;41;2022-10-29 00:17:46+00:00;Igo_winata;RT @xcintakiehlx: Sumpah pemuda Indonesia untuk tetap menjaga NKRI .ğŸ‡®ğŸ‡© https://t.co/a4Hl5nHPwh;0;rt user sumpah pemuda indonesia untuk tetap menjaga nkri coa4hl5nhpwh;['rt', 'user', 'sumpah', 'pemuda', 'indonesia', 'untuk', 'tetap', 'menjaga', 'nkri', 'coa4hl5nhpwh'];['rt', 'user', 'sumpah', 'pemuda', 'indonesia', 'untuk', 'tetap', 'menjaga', 'nkri', 'coa4hl5nhpwh'];rt user sumpah pemuda indonesia untuk tetap menjaga nkri coa4hl5nhpwh
42;42;2022-10-28 23:12:32+00:00;didithardworker;@sheknowshoney @adeirra @xcintakiehlx Sebuah kafe di Kyiv Ukraina https://t.co/7C8Vkjq8ji;0;user user user sebuah kafe di kyiv ukraina co7c8vkjq8ji;['user', 'user', 'user', 'sebuah', 'kafe', 'di', 'kyiv', 'ukraina', 'co7c8vkjq8ji'];['user', 'user', 'user', 'sebuah', 'kafe', 'di', 'kyiv', 'ukraina', 'co7c8vkjq8ji'];user user user sebuah kafe di kyiv ukraina co7c8vkjq8ji
43;43;2022-10-28 21:08:47+00:00;wagesyahputra;RT @xcintakiehlx: Sumpah pemuda Indonesia untuk tetap menjaga NKRI .ğŸ‡®ğŸ‡© https://t.co/a4Hl5nHPwh;0;rt user sumpah pemuda indonesia untuk tetap menjaga nkri coa4hl5nhpwh;['rt', 'user', 'sumpah', 'pemuda', 'indonesia', 'untuk', 'tetap', 'menjaga', 'nkri', 'coa4hl5nhpwh'];['rt', 'user', 'sumpah', 'pemuda', 'indonesia', 'untuk', 'tetap', 'menjaga', 'nkri', 'coa4hl5nhpwh'];rt user sumpah pemuda indonesia untuk tetap menjaga nkri coa4hl5nhpwh
44;44;2022-10-28 19:37:44+00:00;xXFirzaIndryaXx;RT @xcintakiehlx: Sumpah pemuda Indonesia untuk tetap menjaga NKRI .ğŸ‡®ğŸ‡© https://t.co/a4Hl5nHPwh;0;rt user sumpah pemuda indonesia untuk tetap menjaga nkri coa4hl5nhpwh;['rt', 'user', 'sumpah', 'pemuda', 'indonesia', 'untuk', 'tetap', 'menjaga', 'nkri', 'coa4hl5nhpwh'];['rt', 'user', 'sumpah', 'pemuda', 'indonesia', 'untuk', 'tetap', 'menjaga', 'nkri', 'coa4hl5nhpwh'];rt user sumpah pemuda indonesia untuk tetap menjaga nkri coa4hl5nhpwh
45;45;2022-10-28 17:08:50+00:00;amiy66044;@xcintakiehlx Ka @xcintakiehlx Sy mohon tolong bantu nasib hidup sy ğŸ™ğŸ˜­ğŸ˜¢;0;user ka user sy mohon tolong bantu nasib hidup sy;['user', 'ka', 'user', 'sy', 'mohon', 'tolong', 'bantu', 'nasib', 'hidup', 'sy'];['user', 'ka', 'user', 'sy', 'mohon', 'tolong', 'bantu', 'nasib', 'hidup', 'sy'];user ka user sy mohon tolong bantu nasib hidup sy
46;46;2022-10-28 15:23:23+00:00;panjaitandona;RT @xcintakiehlx: Sumpah pemuda Indonesia untuk tetap menjaga NKRI .ğŸ‡®ğŸ‡© https://t.co/a4Hl5nHPwh;0;rt user sumpah pemuda indonesia untuk tetap menjaga nkri coa4hl5nhpwh;['rt', 'user', 'sumpah', 'pemuda', 'indonesia', 'untuk', 'tetap', 'menjaga', 'nkri', 'coa4hl5nhpwh'];['rt', 'user', 'sumpah', 'pemuda', 'indonesia', 'untuk', 'tetap', 'menjaga', 'nkri', 'coa4hl5nhpwh'];rt user sumpah pemuda indonesia untuk tetap menjaga nkri coa4hl5nhpwh
47;47;2022-10-28 15:21:40+00:00;ManadoFWD;RT @xcintakiehlx: Sumpah pemuda Indonesia untuk tetap menjaga NKRI .ğŸ‡®ğŸ‡© https://t.co/a4Hl5nHPwh;0;rt user sumpah pemuda indonesia untuk tetap menjaga nkri coa4hl5nhpwh;['rt', 'user', 'sumpah', 'pemuda', 'indonesia', 'untuk', 'tetap', 'menjaga', 'nkri', 'coa4hl5nhpwh'];['rt', 'user', 'sumpah', 'pemuda', 'indonesia', 'untuk', 'tetap', 'menjaga', 'nkri', 'coa4hl5nhpwh'];rt user sumpah pemuda indonesia untuk tetap menjaga nkri coa4hl5nhpwh
48;48;2022-10-28 15:06:10+00:00;Harmajano;RT @xcintakiehlx: Sumpah pemuda Indonesia untuk tetap menjaga NKRI .ğŸ‡®ğŸ‡© https://t.co/a4Hl5nHPwh;0;rt user sumpah pemuda indonesia untuk tetap menjaga nkri coa4hl5nhpwh;['rt', 'user', 'sumpah', 'pemuda', 'indonesia', 'untuk', 'tetap', 'menjaga', 'nkri', 'coa4hl5nhpwh'];['rt', 'user', 'sumpah', 'pemuda', 'indonesia', 'untuk', 'tetap', 'menjaga', 'nkri', 'coa4hl5nhpwh'];rt user sumpah pemuda indonesia untuk tetap menjaga nkri coa4hl5nhpwh
49;49;2022-10-28 14:59:36+00:00;Deariy;RT @xcintakiehlx: Sumpah pemuda Indonesia untuk tetap menjaga NKRI .ğŸ‡®ğŸ‡© https://t.co/a4Hl5nHPwh;0;rt user sumpah pemuda indonesia untuk tetap menjaga nkri coa4hl5nhpwh;['rt', 'user', 'sumpah', 'pemuda', 'indonesia', 'untuk', 'tetap', 'menjaga', 'nkri', 'coa4hl5nhpwh'];['rt', 'user', 'sumpah', 'pemuda', 'indonesia', 'untuk', 'tetap', 'menjaga', 'nkri', 'coa4hl5nhpwh'];rt user sumpah pemuda indonesia untuk tetap menjaga nkri coa4hl5nhpwh
50;50;2022-10-28 14:33:36+00:00;Mnurfadhly;"RT @Fam48Ina_JKT48: [INFO]

@officialJKT48 akan berkolaborasi bersama dengan @xcintakiehlx pada acafa ""Grand Final Bintang SMA 2022"" 

Yangâ€¦";1;rt user info user akan berkolaborasi bersama dengan user pada acafa grand final bintang sma number yang;['rt', 'user', 'info', 'user', 'akan', 'berkolaborasi', 'bersama', 'dengan', 'user', 'pada', 'acafa', 'grand', 'final', 'bintang', 'sma', 'number', 'yang'];['rt', 'user', 'info', 'user', 'akan', 'berkolaborasi', 'bersama', 'dengan', 'user', 'pada', 'acafa', 'grand', 'final', 'bintang', 'sma', 'number', 'yang'];rt user info user akan berkolaborasi bersama dengan user pada acafa grand final bintang sma number yang
51;51;2022-10-28 14:30:01+00:00;Galileo32429415;@xcintakiehlx Masih banyak juga artis yg peduli sesama anak bangsanya,bukan yg suka doyan pamer2an.;0;user masih banyak juga artis yg peduli sesama anak bangsanya bukan yg suka doyan pamer2an;['user', 'masih', 'banyak', 'juga', 'artis', 'yg', 'peduli', 'sesama', 'anak', 'bangsanya', 'bukan', 'yg', 'suka', 'doyan', 'pamer2an'];['user', 'masih', 'banyak', 'juga', 'artis', 'yg', 'peduli', 'sesama', 'anak', 'bangsanya', 'bukan', 'yg', 'suka', 'doyan', 'pamer2an'];user masih banyak juga artis yg peduli sesama anak bangsanya bukan yg suka doyan pamer2an
52;52;2022-10-28 14:19:36+00:00;hendra_fadhli;"@xcintakiehlx Indonesia ""Yes""";0;user indonesia yes;['user', 'indonesia', 'yes'];['user', 'indonesia', 'yes'];user indonesia yes
53;53;2022-10-28 13:50:17+00:00;Astro_Ernesto;RT @xcintakiehlx: Sumpah pemuda Indonesia untuk tetap menjaga NKRI .ğŸ‡®ğŸ‡© https://t.co/a4Hl5nHPwh;0;rt user sumpah pemuda indonesia untuk tetap menjaga nkri coa4hl5nhpwh;['rt', 'user', 'sumpah', 'pemuda', 'indonesia', 'untuk', 'tetap', 'menjaga', 'nkri', 'coa4hl5nhpwh'];['rt', 'user', 'sumpah', 'pemuda', 'indonesia', 'untuk', 'tetap', 'menjaga', 'nkri', 'coa4hl5nhpwh'];rt user sumpah pemuda indonesia untuk tetap menjaga nkri coa4hl5nhpwh
54;54;2022-10-28 13:38:38+00:00;Yuswasshoi;"RT @Fam48Ina_JKT48: [INFO]

@officialJKT48 akan berkolaborasi bersama dengan @xcintakiehlx pada acafa ""Grand Final Bintang SMA 2022"" 

Yangâ€¦";1;rt user info user akan berkolaborasi bersama dengan user pada acafa grand final bintang sma number yang;['rt', 'user', 'info', 'user', 'akan', 'berkolaborasi', 'bersama', 'dengan', 'user', 'pada', 'acafa', 'grand', 'final', 'bintang', 'sma', 'number', 'yang'];['rt', 'user', 'info', 'user', 'akan', 'berkolaborasi', 'bersama', 'dengan', 'user', 'pada', 'acafa', 'grand', 'final', 'bintang', 'sma', 'number', 'yang'];rt user info user akan berkolaborasi bersama dengan user pada acafa grand final bintang sma number yang
55;55;2022-10-28 13:28:35+00:00;ndlahombike;"RT @SorenzaNuryanti: TOP 15 @TINBSOfficial  The Indonesian next big star !
Live 28.10.2022 - 9.30 pm WIB (Jakarta) @OfficialRCTI TV &amp; @RCTIâ€¦";1;rt user top number user the indonesian next big star live date number pm wib jakarta user tv user;['rt', 'user', 'top', 'number', 'user', 'the', 'indonesian', 'next', 'big', 'star', 'live', 'date', 'number', 'pm', 'wib', 'jakarta', 'user', 'tv', 'user'];['rt', 'user', 'top', 'number', 'user', 'the', 'indonesian', 'next', 'big', 'star', 'live', 'date', 'number', 'pm', 'wib', 'jakarta', 'user', 'tv', 'user'];rt user top number user the indonesian next big star live date number pm wib jakarta user tv user
56;56;2022-10-28 13:08:25+00:00;Fam48Ina_JKT48;"[INFO]

@officialJKT48 akan berkolaborasi bersama dengan @xcintakiehlx pada acafa ""Grand Final Bintang SMA 2022""â€¦ https://t.co/enz7BSK74X";1;info user akan berkolaborasi bersama dengan user pada acafa grand final bintang sma number coenz7bsk74x;['info', 'user', 'akan', 'berkolaborasi', 'bersama', 'dengan', 'user', 'pada', 'acafa', 'grand', 'final', 'bintang', 'sma', 'number', 'coenz7bsk74x'];['info', 'user', 'akan', 'berkolaborasi', 'bersama', 'dengan', 'user', 'pada', 'acafa', 'grand', 'final', 'bintang', 'sma', 'number', 'coenz7bsk74x'];info user akan berkolaborasi bersama dengan user pada acafa grand final bintang sma number coenz7bsk74x
57;57;2022-10-28 12:48:36+00:00;HerdianaKiehl;RT @xcintakiehlx: Sumpah pemuda Indonesia untuk tetap menjaga NKRI .ğŸ‡®ğŸ‡© https://t.co/a4Hl5nHPwh;0;rt user sumpah pemuda indonesia untuk tetap menjaga nkri coa4hl5nhpwh;['rt', 'user', 'sumpah', 'pemuda', 'indonesia', 'untuk', 'tetap', 'menjaga', 'nkri', 'coa4hl5nhpwh'];['rt', 'user', 'sumpah', 'pemuda', 'indonesia', 'untuk', 'tetap', 'menjaga', 'nkri', 'coa4hl5nhpwh'];rt user sumpah pemuda indonesia untuk tetap menjaga nkri coa4hl5nhpwh
58;58;2022-10-28 12:30:32+00:00;NKRI__1;"https://t.co/ujV9YsQhHM

@xcintakiehlx

Cinta Laura berbagi tips hidup sehat. Ia mengaku sejak remaja sudah menyukaâ€¦ https://t.co/ptf5mXWmnZ";0;coujv9ysqhhm user cinta laura berbagi tips hidup sehat ia mengaku sejak remaja sudah menyuka coptf5mxwmnz;['coujv9ysqhhm', 'user', 'cinta', 'laura', 'berbagi', 'tips', 'hidup', 'sehat', 'ia', 'mengaku', 'sejak', 'remaja', 'sudah', 'menyuka', 'coptf5mxwmnz'];['coujv9ysqhhm', 'user', 'cinta', 'laura', 'berbagi', 'tips', 'hidup', 'sehat', 'ia', 'mengaku', 'sejak', 'remaja', 'sudah', 'menyuka', 'coptf5mxwmnz'];coujv9ysqhhm user cinta laura berbagi tips hidup sehat ia mengaku sejak remaja sudah menyuka coptf5mxwmnz
59;59;2022-10-28 12:11:25+00:00;Toman23gmailco1;RT @xcintakiehlx: Sumpah pemuda Indonesia untuk tetap menjaga NKRI .ğŸ‡®ğŸ‡© https://t.co/a4Hl5nHPwh;0;rt user sumpah pemuda indonesia untuk tetap menjaga nkri coa4hl5nhpwh;['rt', 'user', 'sumpah', 'pemuda', 'indonesia', 'untuk', 'tetap', 'menjaga', 'nkri', 'coa4hl5nhpwh'];['rt', 'user', 'sumpah', 'pemuda', 'indonesia', 'untuk', 'tetap', 'menjaga', 'nkri', 'coa4hl5nhpwh'];rt user sumpah pemuda indonesia untuk tetap menjaga nkri coa4hl5nhpwh
60;60;2022-10-28 11:37:03+00:00;xrahmathekiehlx;RT @xcintakiehlx: Sumpah pemuda Indonesia untuk tetap menjaga NKRI .ğŸ‡®ğŸ‡© https://t.co/a4Hl5nHPwh;0;rt user sumpah pemuda indonesia untuk tetap menjaga nkri coa4hl5nhpwh;['rt', 'user', 'sumpah', 'pemuda', 'indonesia', 'untuk', 'tetap', 'menjaga', 'nkri', 'coa4hl5nhpwh'];['rt', 'user', 'sumpah', 'pemuda', 'indonesia', 'untuk', 'tetap', 'menjaga', 'nkri', 'coa4hl5nhpwh'];rt user sumpah pemuda indonesia untuk tetap menjaga nkri coa4hl5nhpwh
61;61;2022-10-28 11:34:37+00:00;dho10000;RT @xcintakiehlx: Sumpah pemuda Indonesia untuk tetap menjaga NKRI .ğŸ‡®ğŸ‡© https://t.co/a4Hl5nHPwh;0;rt user sumpah pemuda indonesia untuk tetap menjaga nkri coa4hl5nhpwh;['rt', 'user', 'sumpah', 'pemuda', 'indonesia', 'untuk', 'tetap', 'menjaga', 'nkri', 'coa4hl5nhpwh'];['rt', 'user', 'sumpah', 'pemuda', 'indonesia', 'untuk', 'tetap', 'menjaga', 'nkri', 'coa4hl5nhpwh'];rt user sumpah pemuda indonesia untuk tetap menjaga nkri coa4hl5nhpwh
62;62;2022-10-28 11:26:34+00:00;PakJenggot__;RT @xcintakiehlx: Sumpah pemuda Indonesia untuk tetap menjaga NKRI .ğŸ‡®ğŸ‡© https://t.co/a4Hl5nHPwh;0;rt user sumpah pemuda indonesia untuk tetap menjaga nkri coa4hl5nhpwh;['rt', 'user', 'sumpah', 'pemuda', 'indonesia', 'untuk', 'tetap', 'menjaga', 'nkri', 'coa4hl5nhpwh'];['rt', 'user', 'sumpah', 'pemuda', 'indonesia', 'untuk', 'tetap', 'menjaga', 'nkri', 'coa4hl5nhpwh'];rt user sumpah pemuda indonesia untuk tetap menjaga nkri coa4hl5nhpwh
63;63;2022-10-28 11:18:48+00:00;CaryantoAwuy;RT @xcintakiehlx: Sumpah pemuda Indonesia untuk tetap menjaga NKRI .ğŸ‡®ğŸ‡© https://t.co/a4Hl5nHPwh;0;rt user sumpah pemuda indonesia untuk tetap menjaga nkri coa4hl5nhpwh;['rt', 'user', 'sumpah', 'pemuda', 'indonesia', 'untuk', 'tetap', 'menjaga', 'nkri', 'coa4hl5nhpwh'];['rt', 'user', 'sumpah', 'pemuda', 'indonesia', 'untuk', 'tetap', 'menjaga', 'nkri', 'coa4hl5nhpwh'];rt user sumpah pemuda indonesia untuk tetap menjaga nkri coa4hl5nhpwh
64;64;2022-10-28 11:18:31+00:00;melati_nk1;"@xcintakiehlx Boleh Tau pola makan Breakfast Lunch &amp; your Dinner cantik? https://t.co/iCz769JVG4";0;user boleh tau pola makan breakfast lunch your dinner cantik coicz769jvg4;['user', 'boleh', 'tau', 'pola', 'makan', 'breakfast', 'lunch', 'your', 'dinner', 'cantik', 'coicz769jvg4'];['user', 'boleh', 'tau', 'pola', 'makan', 'breakfast', 'lunch', 'your', 'dinner', 'cantik', 'coicz769jvg4'];user boleh tau pola makan breakfast lunch your dinner cantik coicz769jvg4
65;65;2022-10-28 11:15:16+00:00;Saethea3;@xcintakiehlx Selamat Hari Sumpah Pemuda;0;user selamat hari sumpah pemuda;['user', 'selamat', 'hari', 'sumpah', 'pemuda'];['user', 'selamat', 'hari', 'sumpah', 'pemuda'];user selamat hari sumpah pemuda
66;66;2022-10-28 11:12:46+00:00;jyuh141;RT @xcintakiehlx: Sumpah pemuda Indonesia untuk tetap menjaga NKRI .ğŸ‡®ğŸ‡© https://t.co/a4Hl5nHPwh;0;rt user sumpah pemuda indonesia untuk tetap menjaga nkri coa4hl5nhpwh;['rt', 'user', 'sumpah', 'pemuda', 'indonesia', 'untuk', 'tetap', 'menjaga', 'nkri', 'coa4hl5nhpwh'];['rt', 'user', 'sumpah', 'pemuda', 'indonesia', 'untuk', 'tetap', 'menjaga', 'nkri', 'coa4hl5nhpwh'];rt user sumpah pemuda indonesia untuk tetap menjaga nkri coa4hl5nhpwh
67;67;2022-10-28 11:03:37+00:00;btungka1997;RT @xcintakiehlx: Sumpah pemuda Indonesia untuk tetap menjaga NKRI .ğŸ‡®ğŸ‡© https://t.co/a4Hl5nHPwh;0;rt user sumpah pemuda indonesia untuk tetap menjaga nkri coa4hl5nhpwh;['rt', 'user', 'sumpah', 'pemuda', 'indonesia', 'untuk', 'tetap', 'menjaga', 'nkri', 'coa4hl5nhpwh'];['rt', 'user', 'sumpah', 'pemuda', 'indonesia', 'untuk', 'tetap', 'menjaga', 'nkri', 'coa4hl5nhpwh'];rt user sumpah pemuda indonesia untuk tetap menjaga nkri coa4hl5nhpwh
68;68;2022-10-28 10:58:20+00:00;xcintacahayax;RT @xcintakiehlx: Sumpah pemuda Indonesia untuk tetap menjaga NKRI .ğŸ‡®ğŸ‡© https://t.co/a4Hl5nHPwh;0;rt user sumpah pemuda indonesia untuk tetap menjaga nkri coa4hl5nhpwh;['rt', 'user', 'sumpah', 'pemuda', 'indonesia', 'untuk', 'tetap', 'menjaga', 'nkri', 'coa4hl5nhpwh'];['rt', 'user', 'sumpah', 'pemuda', 'indonesia', 'untuk', 'tetap', 'menjaga', 'nkri', 'coa4hl5nhpwh'];rt user sumpah pemuda indonesia untuk tetap menjaga nkri coa4hl5nhpwh
69;69;2022-10-28 10:57:17+00:00;xcintacahayax;"RT @SorenzaNuryanti: TOP 15 @TINBSOfficial  The Indonesian next big star !
Live 28.10.2022 - 9.30 pm WIB (Jakarta) @OfficialRCTI TV &amp; @RCTIâ€¦";1;rt user top number user the indonesian next big star live date number pm wib jakarta user tv user;['rt', 'user', 'top', 'number', 'user', 'the', 'indonesian', 'next', 'big', 'star', 'live', 'date', 'number', 'pm', 'wib', 'jakarta', 'user', 'tv', 'user'];['rt', 'user', 'top', 'number', 'user', 'the', 'indonesian', 'next', 'big', 'star', 'live', 'date', 'number', 'pm', 'wib', 'jakarta', 'user', 'tv', 'user'];rt user top number user the indonesian next big star live date number pm wib jakarta user tv user
70;70;2022-10-28 10:56:54+00:00;xcintacahayax;"RT @Daradatu1: @xcintakiehlx 
@jalaprt 
@KomnasPerempuan 

Kekerasan terhadap PRT kembali terjadi: RN dipukul, ditendang, ditelanjangi danâ€¦";0;rt user user user user kekerasan terhadap prt kembali terjadi rn dipukul ditendang ditelanjangi dan;['rt', 'user', 'user', 'user', 'user', 'kekerasan', 'terhadap', 'prt', 'kembali', 'terjadi', 'rn', 'dipukul', 'ditendang', 'ditelanjangi', 'dan'];['rt', 'user', 'user', 'user', 'user', 'kekerasan', 'terhadap', 'prt', 'kembali', 'terjadi', 'rn', 'dipukul', 'ditendang', 'ditelanjangi', 'dan'];rt user user user user kekerasan terhadap prt kembali terjadi rn dipukul ditendang ditelanjangi dan
71;71;2022-10-28 10:49:14+00:00;BgawanKusuma;RT @xcintakiehlx: Sumpah pemuda Indonesia untuk tetap menjaga NKRI .ğŸ‡®ğŸ‡© https://t.co/a4Hl5nHPwh;0;rt user sumpah pemuda indonesia untuk tetap menjaga nkri coa4hl5nhpwh;['rt', 'user', 'sumpah', 'pemuda', 'indonesia', 'untuk', 'tetap', 'menjaga', 'nkri', 'coa4hl5nhpwh'];['rt', 'user', 'sumpah', 'pemuda', 'indonesia', 'untuk', 'tetap', 'menjaga', 'nkri', 'coa4hl5nhpwh'];rt user sumpah pemuda indonesia untuk tetap menjaga nkri coa4hl5nhpwh
72;72;2022-10-28 10:45:55+00:00;Nur_S_I0;RT @xcintakiehlx: Sumpah pemuda Indonesia untuk tetap menjaga NKRI .ğŸ‡®ğŸ‡© https://t.co/a4Hl5nHPwh;0;rt user sumpah pemuda indonesia untuk tetap menjaga nkri coa4hl5nhpwh;['rt', 'user', 'sumpah', 'pemuda', 'indonesia', 'untuk', 'tetap', 'menjaga', 'nkri', 'coa4hl5nhpwh'];['rt', 'user', 'sumpah', 'pemuda', 'indonesia', 'untuk', 'tetap', 'menjaga', 'nkri', 'coa4hl5nhpwh'];rt user sumpah pemuda indonesia untuk tetap menjaga nkri coa4hl5nhpwh
73;73;2022-10-28 10:45:33+00:00;AyamSegar3;"Bersatu kita teguh, bercerai kita runtuh.. 
Jangan putuskan sumpahmu, pemuda ğŸ’ªğŸ’ªğŸ’ªğŸ’ª https://t.co/f4j5npcMQG";0;bersatu kita teguh bercerai kita runtuh jangan putuskan sumpahmu pemuda cof4j5npcmqg;['bersatu', 'kita', 'teguh', 'bercerai', 'kita', 'runtuh', 'jangan', 'putuskan', 'sumpahmu', 'pemuda', 'cof4j5npcmqg'];['bersatu', 'kita', 'teguh', 'bercerai', 'kita', 'runtuh', 'jangan', 'putuskan', 'sumpahmu', 'pemuda', 'cof4j5npcmqg'];bersatu kita teguh bercerai kita runtuh jangan putuskan sumpahmu pemuda cof4j5npcmqg
74;74;2022-10-28 10:43:35+00:00;xcintakiehlx;Sumpah pemuda Indonesia untuk tetap menjaga NKRI .ğŸ‡®ğŸ‡© https://t.co/a4Hl5nHPwh;0;sumpah pemuda indonesia untuk tetap menjaga nkri coa4hl5nhpwh;['sumpah', 'pemuda', 'indonesia', 'untuk', 'tetap', 'menjaga', 'nkri', 'coa4hl5nhpwh'];['sumpah', 'pemuda', 'indonesia', 'untuk', 'tetap', 'menjaga', 'nkri', 'coa4hl5nhpwh'];sumpah pemuda indonesia untuk tetap menjaga nkri coa4hl5nhpwh
75;75;2022-10-28 10:34:10+00:00;xcintakiehlx;"RT @SorenzaNuryanti: TOP 15 @TINBSOfficial  The Indonesian next big star !
Live 28.10.2022 - 9.30 pm WIB (Jakarta) @OfficialRCTI TV &amp; @RCTIâ€¦";1;rt user top number user the indonesian next big star live date number pm wib jakarta user tv user;['rt', 'user', 'top', 'number', 'user', 'the', 'indonesian', 'next', 'big', 'star', 'live', 'date', 'number', 'pm', 'wib', 'jakarta', 'user', 'tv', 'user'];['rt', 'user', 'top', 'number', 'user', 'the', 'indonesian', 'next', 'big', 'star', 'live', 'date', 'number', 'pm', 'wib', 'jakarta', 'user', 'tv', 'user'];rt user top number user the indonesian next big star live date number pm wib jakarta user tv user
76;76;2022-10-28 10:34:03+00:00;xcintakiehlx;"RT @Daradatu1: @xcintakiehlx 
@jalaprt 
@KomnasPerempuan 

Kekerasan terhadap PRT kembali terjadi: RN dipukul, ditendang, ditelanjangi danâ€¦";0;rt user user user user kekerasan terhadap prt kembali terjadi rn dipukul ditendang ditelanjangi dan;['rt', 'user', 'user', 'user', 'user', 'kekerasan', 'terhadap', 'prt', 'kembali', 'terjadi', 'rn', 'dipukul', 'ditendang', 'ditelanjangi', 'dan'];['rt', 'user', 'user', 'user', 'user', 'kekerasan', 'terhadap', 'prt', 'kembali', 'terjadi', 'rn', 'dipukul', 'ditendang', 'ditelanjangi', 'dan'];rt user user user user kekerasan terhadap prt kembali terjadi rn dipukul ditendang ditelanjangi dan
77;77;2022-10-28 10:31:38+00:00;HerdianaKiehl;"RT @SorenzaNuryanti: TOP 15 @TINBSOfficial  The Indonesian next big star !
Live 28.10.2022 - 9.30 pm WIB (Jakarta) @OfficialRCTI TV &amp; @RCTIâ€¦";1;rt user top number user the indonesian next big star live date number pm wib jakarta user tv user;['rt', 'user', 'top', 'number', 'user', 'the', 'indonesian', 'next', 'big', 'star', 'live', 'date', 'number', 'pm', 'wib', 'jakarta', 'user', 'tv', 'user'];['rt', 'user', 'top', 'number', 'user', 'the', 'indonesian', 'next', 'big', 'star', 'live', 'date', 'number', 'pm', 'wib', 'jakarta', 'user', 'tv', 'user'];rt user top number user the indonesian next big star live date number pm wib jakarta user tv user
78;78;2022-10-28 05:00:50+00:00;xcintacahayax;@xcintakiehlx @HerdianaKiehl Selamat merayakan sumpah pemuda..;0;user user selamat merayakan sumpah pemuda;['user', 'user', 'selamat', 'merayakan', 'sumpah', 'pemuda'];['user', 'user', 'selamat', 'merayakan', 'sumpah', 'pemuda'];user user selamat merayakan sumpah pemuda
79;79;2022-10-28 03:38:23+00:00;Daradatu1;"@xcintakiehlx 
@jalaprt 
@KomnasPerempuan 

Kekerasan terhadap PRT kembali terjadi: RN dipukul, ditendang, ditelanjâ€¦ https://t.co/VlDQc0FJFR";0;user user user kekerasan terhadap prt kembali terjadi rn dipukul ditendang ditelanj covldqc0fjfr;['user', 'user', 'user', 'kekerasan', 'terhadap', 'prt', 'kembali', 'terjadi', 'rn', 'dipukul', 'ditendang', 'ditelanj', 'covldqc0fjfr'];['user', 'user', 'user', 'kekerasan', 'terhadap', 'prt', 'kembali', 'terjadi', 'rn', 'dipukul', 'ditendang', 'ditelanj', 'covldqc0fjfr'];user user user kekerasan terhadap prt kembali terjadi rn dipukul ditendang ditelanj covldqc0fjfr
80;80;2022-10-27 21:09:10+00:00;The_Puncak;"RT @SorenzaNuryanti: TOP 15 @TINBSOfficial  The Indonesian next big star !
Live 28.10.2022 - 9.30 pm WIB (Jakarta) @OfficialRCTI TV &amp; @RCTIâ€¦";1;rt user top number user the indonesian next big star live date number pm wib jakarta user tv user;['rt', 'user', 'top', 'number', 'user', 'the', 'indonesian', 'next', 'big', 'star', 'live', 'date', 'number', 'pm', 'wib', 'jakarta', 'user', 'tv', 'user'];['rt', 'user', 'top', 'number', 'user', 'the', 'indonesian', 'next', 'big', 'star', 'live', 'date', 'number', 'pm', 'wib', 'jakarta', 'user', 'tv', 'user'];rt user top number user the indonesian next big star live date number pm wib jakarta user tv user
81;81;2022-10-27 21:07:41+00:00;SorenzaNuryanti;"TOP 15 @TINBSOfficial  The Indonesian next big star !
Live 28.10.2022 - 9.30 pm WIB (Jakarta) @OfficialRCTI TV &amp;â€¦ https://t.co/PSnZ0zoiRq";1;top number user the indonesian next big star live date number pm wib jakarta user tv copsnz0zoirq;['top', 'number', 'user', 'the', 'indonesian', 'next', 'big', 'star', 'live', 'date', 'number', 'pm', 'wib', 'jakarta', 'user', 'tv', 'copsnz0zoirq'];['top', 'number', 'user', 'the', 'indonesian', 'next', 'big', 'star', 'live', 'date', 'number', 'pm', 'wib', 'jakarta', 'user', 'tv', 'copsnz0zoirq'];top number user the indonesian next big star live date number pm wib jakarta user tv copsnz0zoirq
82;82;2022-10-27 12:49:15+00:00;jl_serut;@GolinehAtai @xcintakiehlx Hormatilah pemeluk agama yg lain bila ingin akmur ngaramu dn brdaulat bila ingin trpecah belah y silahkn sndiri;0;user user hormatilah pemeluk agama yg lain bila ingin akmur ngaramu dn brdaulat bila ingin trpecah belah silahkn sndiri;['user', 'user', 'hormatilah', 'pemeluk', 'agama', 'yg', 'lain', 'bila', 'ingin', 'akmur', 'ngaramu', 'dn', 'brdaulat', 'bila', 'ingin', 'trpecah', 'belah', 'silahkn', 'sndiri'];['user', 'user', 'hormatilah', 'pemeluk', 'agama', 'yg', 'lain', 'bila', 'ingin', 'akmur', 'ngaramu', 'dn', 'brdaulat', 'bila', 'ingin', 'trpecah', 'belah', 'silahkn', 'sndiri'];user user hormatilah pemeluk agama yg lain bila ingin akmur ngaramu dn brdaulat bila ingin trpecah belah silahkn sndiri
83;83;2022-10-27 02:41:07+00:00;Hendrikorachman;Jaman dahulu kala,lelaki merokok krn jin/syaiton takut.Dg rasa takut bisa sbg jembatan komunikasi agar jgn ganggu wâ€¦ https://t.co/EUXFSE52b4;0;jaman dahulu kala lelaki merokok krn jin syaiton takut dg rasa takut bisa sbg jembatan komunikasi agar jgn ganggu coeuxfse52b4;['jaman', 'dahulu', 'kala', 'lelaki', 'merokok', 'krn', 'jin', 'syaiton', 'takut', 'dg', 'rasa', 'takut', 'bisa', 'sbg', 'jembatan', 'komunikasi', 'agar', 'jgn', 'ganggu', 'coeuxfse52b4'];['jaman', 'dahulu', 'kala', 'lelaki', 'merokok', 'krn', 'jin', 'syaiton', 'takut', 'dg', 'rasa', 'takut', 'bisa', 'sbg', 'jembatan', 'komunikasi', 'agar', 'jgn', 'ganggu', 'coeuxfse52b4'];jaman dahulu kala lelaki merokok krn jin syaiton takut dg rasa takut bisa sbg jembatan komunikasi agar jgn ganggu coeuxfse52b4
84;84;2022-10-27 02:37:31+00:00;Hendrikorachman;Menciptakan lelaki setia,terapinya hubungan sex dg lip service mandi kucing agar lelaki disaat berhubungan tdk ejakâ€¦ https://t.co/gor2RyIENf;0;menciptakan lelaki setia terapinya hubungan sex dg lip service mandi kucing agar lelaki disaat berhubungan tdk ejak cogor2ryienf;['menciptakan', 'lelaki', 'setia', 'terapinya', 'hubungan', 'sex', 'dg', 'lip', 'service', 'mandi', 'kucing', 'agar', 'lelaki', 'disaat', 'berhubungan', 'tdk', 'ejak', 'cogor2ryienf'];['menciptakan', 'lelaki', 'setia', 'terapinya', 'hubungan', 'sex', 'dg', 'lip', 'service', 'mandi', 'kucing', 'agar', 'lelaki', 'disaat', 'berhubungan', 'tdk', 'ejak', 'cogor2ryienf'];menciptakan lelaki setia terapinya hubungan sex dg lip service mandi kucing agar lelaki disaat berhubungan tdk ejak cogor2ryienf
85;85;2022-10-27 02:33:30+00:00;Hendrikorachman;Napa dlm islam ada makanan diharankam.Dlm pendidikan sex @catwomanizer,agar disaat wanita memberikan mandi kucing kâ€¦ https://t.co/IteJkiJ695;0;napa dlm islam ada makanan diharankam dlm pendidikan sex user agar disaat wanita memberikan mandi kucing coitejkij695;['napa', 'dlm', 'islam', 'ada', 'makanan', 'diharankam', 'dlm', 'pendidikan', 'sex', 'user', 'agar', 'disaat', 'wanita', 'memberikan', 'mandi', 'kucing', 'coitejkij695'];['napa', 'dlm', 'islam', 'ada', 'makanan', 'diharankam', 'dlm', 'pendidikan', 'sex', 'user', 'agar', 'disaat', 'wanita', 'memberikan', 'mandi', 'kucing', 'coitejkij695'];napa dlm islam ada makanan diharankam dlm pendidikan sex user agar disaat wanita memberikan mandi kucing coitejkij695
86;86;2022-10-26 17:44:24+00:00;yudymarzk;@xcintakiehlx Alhamdulillah sudah sehat kembali. Semangat âœŠ;0;user alhamdulillah sudah sehat kembali semangat;['user', 'alhamdulillah', 'sudah', 'sehat', 'kembali', 'semangat'];['user', 'alhamdulillah', 'sudah', 'sehat', 'kembali', 'semangat'];user alhamdulillah sudah sehat kembali semangat
87;87;2022-10-26 16:59:09+00:00;Hendrikorachman;Lelaki itu harus maskulin sedikit feminim. Anak 2 pencinta alam sejati seperti itu.Selalu menjaga badam agar sehat,â€¦ https://t.co/pT9aTG18kJ;0;lelaki itu harus maskulin sedikit feminim anak number pencinta alam sejati seperti itu selalu menjaga badam agar sehat copt9atg18kj;['lelaki', 'itu', 'harus', 'maskulin', 'sedikit', 'feminim', 'anak', 'number', 'pencinta', 'alam', 'sejati', 'seperti', 'itu', 'selalu', 'menjaga', 'badam', 'agar', 'sehat', 'copt9atg18kj'];['lelaki', 'itu', 'harus', 'maskulin', 'sedikit', 'feminim', 'anak', 'number', 'pencinta', 'alam', 'sejati', 'seperti', 'itu', 'selalu', 'menjaga', 'badam', 'agar', 'sehat', 'copt9atg18kj'];lelaki itu harus maskulin sedikit feminim anak number pencinta alam sejati seperti itu selalu menjaga badam agar sehat copt9atg18kj
88;88;2022-10-26 16:47:49+00:00;Hendrikorachman;Pola makan bagus akan ciptakan badan jadi harum mis berolahraga keluarkan keringat mati agar tdk bau. Beli pakaianâ€¦ https://t.co/SLhBtuBMmz;0;pola makan bagus akan ciptakan badan jadi harum mis berolahraga keluarkan keringat mati agar tdk bau beli pakaian coslhbtubmmz;['pola', 'makan', 'bagus', 'akan', 'ciptakan', 'badan', 'jadi', 'harum', 'mis', 'berolahraga', 'keluarkan', 'keringat', 'mati', 'agar', 'tdk', 'bau', 'beli', 'pakaian', 'coslhbtubmmz'];['pola', 'makan', 'bagus', 'akan', 'ciptakan', 'badan', 'jadi', 'harum', 'mis', 'berolahraga', 'keluarkan', 'keringat', 'mati', 'agar', 'tdk', 'bau', 'beli', 'pakaian', 'coslhbtubmmz'];pola makan bagus akan ciptakan badan jadi harum mis berolahraga keluarkan keringat mati agar tdk bau beli pakaian coslhbtubmmz
89;89;2022-10-26 13:55:03+00:00;PutriOk28771296;RT @xcintakiehlx: Akhirnya badanku menyerah juga.ğŸ¤’ https://t.co/1wd0vLDyON;0;rt user akhirnya badanku menyerah juga co1wd0vldyon;['rt', 'user', 'akhirnya', 'badanku', 'menyerah', 'juga', 'co1wd0vldyon'];['rt', 'user', 'akhirnya', 'badanku', 'menyerah', 'juga', 'co1wd0vldyon'];rt user akhirnya badanku menyerah juga co1wd0vldyon
90;90;2022-10-26 13:35:29+00:00;NamakuKanna;@xcintakiehlx  kemarin aku ada baca berita kak cinta sakit, beneran?? Udah gimana kabarnya kak?;0;user kemarin aku ada baca berita kak cinta sakit beneran udah gimana kabarnya kak;['user', 'kemarin', 'aku', 'ada', 'baca', 'berita', 'kak', 'cinta', 'sakit', 'beneran', 'udah', 'gimana', 'kabarnya', 'kak'];['user', 'kemarin', 'aku', 'ada', 'baca', 'berita', 'kak', 'cinta', 'sakit', 'beneran', 'udah', 'gimana', 'kabarnya', 'kak'];user kemarin aku ada baca berita kak cinta sakit beneran udah gimana kabarnya kak
91;91;2022-10-26 13:01:30+00:00;Hendrikorachman;Dijaman sekarang, tdk menampik byk wanita cabtik lebih agresif dibanding lelaki cupu model aku ini.Mungkin merasa nâ€¦ https://t.co/wm22LEslOC;0;dijaman sekarang tdk menampik byk wanita cabtik lebih agresif dibanding lelaki cupu model aku ini mungkin merasa cowm22lesloc;['dijaman', 'sekarang', 'tdk', 'menampik', 'byk', 'wanita', 'cabtik', 'lebih', 'agresif', 'dibanding', 'lelaki', 'cupu', 'model', 'aku', 'ini', 'mungkin', 'merasa', 'cowm22lesloc'];['dijaman', 'sekarang', 'tdk', 'menampik', 'byk', 'wanita', 'cabtik', 'lebih', 'agresif', 'dibanding', 'lelaki', 'cupu', 'model', 'aku', 'ini', 'mungkin', 'merasa', 'cowm22lesloc'];dijaman sekarang tdk menampik byk wanita cabtik lebih agresif dibanding lelaki cupu model aku ini mungkin merasa cowm22lesloc
92;92;2022-10-26 12:54:26+00:00;Hendrikorachman;Lelaki model aku @catwomanizer , saat lihat wanita menyentuh aku hasrat sex sangat tinggi.Tapi disaat wanitanya sdhâ€¦ https://t.co/QSIWFsi7nc;0;lelaki model aku user saat lihat wanita menyentuh aku hasrat sex sangat tinggi tapi disaat wanitanya sdh coqsiwfsi7nc;['lelaki', 'model', 'aku', 'user', 'saat', 'lihat', 'wanita', 'menyentuh', 'aku', 'hasrat', 'sex', 'sangat', 'tinggi', 'tapi', 'disaat', 'wanitanya', 'sdh', 'coqsiwfsi7nc'];['lelaki', 'model', 'aku', 'user', 'saat', 'lihat', 'wanita', 'menyentuh', 'aku', 'hasrat', 'sex', 'sangat', 'tinggi', 'tapi', 'disaat', 'wanitanya', 'sdh', 'coqsiwfsi7nc'];lelaki model aku user saat lihat wanita menyentuh aku hasrat sex sangat tinggi tapi disaat wanitanya sdh coqsiwfsi7nc
93;93;2022-10-26 12:49:43+00:00;Hendrikorachman;Mungkin ada rasa nyaman hubungan tdk membosankan  dlm hubungan percintaan libatkan perasaan.Tentu beda dg friends wâ€¦ https://t.co/RuLfcPhZKC;0;mungkin ada rasa nyaman hubungan tdk membosankan dlm hubungan percintaan libatkan perasaan tentu beda dg friends corulfcphzkc;['mungkin', 'ada', 'rasa', 'nyaman', 'hubungan', 'tdk', 'membosankan', 'dlm', 'hubungan', 'percintaan', 'libatkan', 'perasaan', 'tentu', 'beda', 'dg', 'friends', 'corulfcphzkc'];['mungkin', 'ada', 'rasa', 'nyaman', 'hubungan', 'tdk', 'membosankan', 'dlm', 'hubungan', 'percintaan', 'libatkan', 'perasaan', 'tentu', 'beda', 'dg', 'friends', 'corulfcphzkc'];mungkin ada rasa nyaman hubungan tdk membosankan dlm hubungan percintaan libatkan perasaan tentu beda dg friends corulfcphzkc
94;94;2022-10-26 07:41:04+00:00;Galois_Gen;@vonnycornellya_ Follow ah idola gue nih selain @LunaMaya26 @aurakasih87 @xcintakiehlx dan @irmadarmawangsa;0;user follow ah idola gue nih selain user user user dan user;['user', 'follow', 'ah', 'idola', 'gue', 'nih', 'selain', 'user', 'user', 'user', 'dan', 'user'];['user', 'follow', 'ah', 'idola', 'gue', 'nih', 'selain', 'user', 'user', 'user', 'dan', 'user'];user follow ah idola gue nih selain user user user dan user
95;95;2022-10-26 06:06:10+00:00;Deariy;@a_doni95 @xcintakiehlx Hahaha.. Berat.. Biar saya saja...;1;user user hahaha berat biar saya saja;['user', 'user', 'hahaha', 'berat', 'biar', 'saya', 'saja'];['user', 'user', 'hahaha', 'berat', 'biar', 'saya', 'saja'];user user hahaha berat biar saya saja
96;96;2022-10-26 06:05:36+00:00;Deariy;"RT @a_doni95: @Deariy @xcintakiehlx Kucing Kenapa bukan pria ?
sepertinya banyak pria yg mau dipeluk dan dicium oleh Cinta 

ğŸ˜";0;rt user user user kucing kenapa bukan pria sepertinya banyak pria yg mau dipeluk dan dicium oleh cinta;['rt', 'user', 'user', 'user', 'kucing', 'kenapa', 'bukan', 'pria', 'sepertinya', 'banyak', 'pria', 'yg', 'mau', 'dipeluk', 'dan', 'dicium', 'oleh', 'cinta'];['rt', 'user', 'user', 'user', 'kucing', 'kenapa', 'bukan', 'pria', 'sepertinya', 'banyak', 'pria', 'yg', 'mau', 'dipeluk', 'dan', 'dicium', 'oleh', 'cinta'];rt user user user kucing kenapa bukan pria sepertinya banyak pria yg mau dipeluk dan dicium oleh cinta
97;97;2022-10-26 06:05:09+00:00;a_doni95;"@Deariy @xcintakiehlx Kucing Kenapa bukan pria ?
sepertinya banyak pria yg mau dipeluk dan dicium oleh Cinta 

ğŸ˜";0;user user kucing kenapa bukan pria sepertinya banyak pria yg mau dipeluk dan dicium oleh cinta;['user', 'user', 'kucing', 'kenapa', 'bukan', 'pria', 'sepertinya', 'banyak', 'pria', 'yg', 'mau', 'dipeluk', 'dan', 'dicium', 'oleh', 'cinta'];['user', 'user', 'kucing', 'kenapa', 'bukan', 'pria', 'sepertinya', 'banyak', 'pria', 'yg', 'mau', 'dipeluk', 'dan', 'dicium', 'oleh', 'cinta'];user user kucing kenapa bukan pria sepertinya banyak pria yg mau dipeluk dan dicium oleh cinta
98;98;2022-10-26 04:05:52+00:00;Gunawan2751;@xcintakiehlx Sugeng Enjing https://t.co/gtiwEUDyZL;0;user sugeng enjing cogtiweudyzl;['user', 'sugeng', 'enjing', 'cogtiweudyzl'];['user', 'sugeng', 'enjing', 'cogtiweudyzl'];user sugeng enjing cogtiweudyzl
99;99;2022-10-26 04:05:09+00:00;pn7l7h;@Brunowicaksono @xcintakiehlx FotoinğŸ˜Œ;0;user user fotoin;['user', 'user', 'fotoin'];['user', 'user', 'fotoin'];user user fotoin
