,Tweets
0,Selamat dan sukses atas dilantiknya Bapak @hendrarprihadi sebagai kepala LKPP. Terimakasih atas dedikasi Bapak Hendâ€¦ https://t.co/sO4997T4Xf
1,"Di sini Semarang, Di sana Malang. Di mana-mana kita saudarağŸ’™

Tak berhenti kami bersimpati dan kirim semangat moralâ€¦ https://t.co/OtG1W8aTNm"
2,"ğŸš¨Informasi terkait tiket PSIS vs Bhayangkara FC

Silakan baca ketentuan di atas dan diperhatikan mekanisme serta taâ€¦ https://t.co/C1H75TwMBo"
3,"ğŸ”µ Team News

ğŸ“° https://t.co/Z8hmhMglXZ

#PSIS https://t.co/CWwK83vrVA"
4,#SalingSupport ğŸ—ï¸ https://t.co/HJesn2iFby
5,"""Kami Arema, Salam Satu Jiwa"" ğŸŒŸ

Cuplikan video kami dari Semarang malam lalu untuk mengirim doa dan semangat bagiâ€¦ https://t.co/XM5dlAW5Qp"
6,"Duka kita bersama, tapi percayalah harus bangkit. Ini doa kami untuk insiden di Stadion Kanjuruhan malam laluğŸ™ğŸ¼ğŸ¥€â€¦ https://t.co/Lv6Pv7yFIY"
7,"Laga PSIS Semarang vs Bhayangkara FC ditunda. 

#PSIS 

https://t.co/GK6XppASRR"
8,Keluarga besar PSIS Semarang turut berdukacita dalam insiden yang terjadi di Stadion Kanjuruhan. Sejenak kita kirimâ€¦ https://t.co/uEx1NgyYLu
9,Persiapan matang selama 2 minggu jadi modal PSIS Semarang untuk siap raih kemenangan di laga esok hari kontra Bhayaâ€¦ https://t.co/L2sFhmPwtZ
10,"Perjuangan berlanjut!

Hadapi Bhayangkara FC, PSIS siap berjuang untuk raih 3 poin. Pantang menyerah, yoh iso yoh!â€¦ https://t.co/zTPztU1LAS"
11,"Kami kembali ke Jatidiri untuk raih poin penuh. Ayo Semarangâ€¼ï¸ğŸ”µ

#PSIS | #Matchday https://t.co/r0vN0SaRRJ"
12,"PSIS resmikan training ground ketiga,

https://t.co/muBGVUSNur"
13,"Setelah Stadion Citarum dan Lapangan Mardi Soenarto, inilah training ground terbaru kami yang hari ini di resmikanâ€¦ https://t.co/OAeWktghgX"
14,"Berdasarkan surat resmi dari PT. LIB, terdapat perubahan waktu kick off saat PSIS Semarang menjamu Bhayangkara FC dâ€¦ https://t.co/bh8Kd0ZyJw"
15,"ğ‡ğ ğ¢ğ¬ ğ›ğšğœğ¤. ğŸ‘ï¸ğŸ”µ

#PSIS https://t.co/8AzkHeumnX"
16,"ğŸŸTiket offline via ticket box tersedia lur! 

Silakan menuju lokasi ticket box di postingan ini untuk mendapatkan tâ€¦ https://t.co/dAvA1rjFbk"
17,"Cara pemesanan tersedia di slide berikutnya ya dulur. Tiket online via tiketcom tersedia barat dan timur, sedangkanâ€¦ https://t.co/XzWjdPeEk3"
18,ğŸŸTiket PSIS Semarang vs Persikabo 1973 tersedia! Dapatkan tiketnya sekarangğŸ™ŒğŸ¼ https://t.co/Q2zcbMbGvV
19,"ğŸ”µTEAM NEWSğŸ”µ

PSIS Semarang daftarkan Ian Andrew Gillan sebagai Pelatih Kepala sementara. Welcome back Coach Ian Andâ€¦ https://t.co/EsG4WgvcoW"
20,"Selamat hari Senin, Blues! ğŸ”µ

#PSIS https://t.co/9aXATCznkh"
21,"ğŸ‘‘ is back

#PSIS https://t.co/1tdudYxccQ"
22,"Physical training ++ ğŸ’ªğŸ¼

#PSIS https://t.co/1TyHPLbmoX"
23,"Mulai bersiap kembali hari ini. ğŸ’ªğŸ¼ğŸ’¥

#PSIS https://t.co/GdoHAC6nAM"
24,"ğŸ”µTeam NewsğŸ”µ

https://t.co/kIMxNtZcem

#PSIS"
25,"Hari yang berat di Tangerang. ğŸ˜

#PSIS | #TGRSMG https://t.co/J72DbWB6Zu"
26,"'80 Akurat namun mampu diamankan, tendangan keras dari luar kotak penalty dari Taufik Hidayat.

#PSIS | #TGRSMG"
27,"'77 Through pass Ofan kepada Bahril deras tapi bola masih dapat diamankan kiper Persita.

#PSIS | #TGRSMG"
28,"'72 Pergantian pemain:

â¬†ï¸ Bahril Fahreza
â¬‡ï¸ Reza Irfana 

#PSIS | #TGRSMG"
29,"'65 Pergantian pemain:

â¬†ï¸ Taufik Hidayat
â¬‡ï¸ Frendi Saputra

#PSIS | #TGRSMG"
30,"Gol Persita 1-0. ğŸ˜“

#PSISDAY | #TGRSMG"
31,"'62 Hampir Riyannnn!! Build up serangan dari Dewa-Taisei diakhiri dengan sontekan yang mampu diamankan kiper Persita.

#PSISDAY | #TGRSMG"
32,"Second half underway! âš¡ï¸âš½ï¸âš½ï¸

#PSISDAY | #TGRSMG"
33,"Setengah main.

#PSISDAY | #TGRSMG https://t.co/VRXpdgdL8M"
34,"Tambahan waktu 1 menit.

#PSISDAY | #TGRSMG"
35,"'43 Aqsha!!!! Hampir saja memecah kebuntuan, sayang tendangan keras Aqsha terlalu melebar dari kiper.

#PSISDAY | #TGRSMG"
36,"'35 Umpan crossing Ofan masih terlalu dalam belum mampu disambut oleh Taisei.

#PSISDAY | #TGRSMG"
37,"'33 Visi Fredyan Ucil lihat pergerakan Taisei dengan through pass, sayang masih diamankan kiper Persita.

#PSISDAY | #TGRSMG"
38,"'13 Bola tendangan pojok Riyan memaksa kiper Persita keluar, sayang bola rebound ditendang Dewa terlalu lemah.

#PSISDAY | #TGRSMG"
39,"Tribute untuk ayahanda mas Hari Nur, stay strong Mas Hari NurğŸ™ğŸ¼ğŸ’™

#PSISDAY | #TGRSMG https://t.co/8QjbM68vy5"
40,"Kita mulai perjuangan poin penuh hari ini, kick-off babak pertamağŸ“¢

ğŸŸ£Persita Tangerang ğŸ†š PSIS Semarangâšªï¸

#PSISDAY"
41,"Tidak pernah berhenti berkata untuk selalu fokus demi kemenangan. Kita bisa Semarang, Yoh iso yohâ€¼ï¸âš¡ğŸ”µ

#PSISDAY |â€¦ https://t.co/wlYwKTF5tc"
42,"ğ‘¶ğ‘µ ğ‘«ğ‘¼ğ‘»ğ’€ ğ‘»ğ‘¶ğ‘«ğ‘¨ğ’€âš”ï¸

XI: Redondo (GK), Ucil, Dewa, Alie, FrendiÂ©ï¸, Aqsha, Reza, Guntur, Riyan, Ofan, Taisei

Subs: Yofaâ€¦ https://t.co/NcEjX3aNXF"
43,"Optimis poin tiga, yakin bisa Semarangâš¡ï¸

#PSISDAY https://t.co/tqsHoAz7RS"
44,"Gedor benteng tebal itu, kita bisa Semarangâš¡ï¸ğŸ”µ

YOH ISO YOHâ€¼ï¸

#PSISDAY https://t.co/ke0pdgpRq3"
45,"Rayakan hari PSIS seduniaâ€¼ï¸
Poin penuh kita bawa pulang, c'mon Laskar Mahesa JenarğŸ”µğŸ”µğŸ”µ

#PSISDAY https://t.co/EtVucBd61H"
46,"Siap lanjutkan tren positif! Bermodal kemenangan di laga sebelumnya, PSIS incar kemenangan di laga tandang menghadaâ€¦ https://t.co/Tb4qLrYd7r"
47,Turut berduka cita mas @harinuryulianto ğŸ™ğŸ¼ğŸ¥€ https://t.co/UxJ23sgyDE
48,"Kembali berjuang esok hari,
âš½ï¸Persita Tangerang vs PSIS Semarang

ğ’€ğ‘¶ğ‘¯ ğ‘°ğ‘ºğ‘¶ ğ’€ğ‘¶ğ‘¯ğŸ’ªğŸ¼ğŸ”µ

#PSIS | #Matchday https://t.co/VTNvO0Q1hE"
49,"Our Blues in XI GW 9 ğŸ”µğŸ”¥
1ï¸âƒ£4ï¸âƒ£ğŸ¤4ï¸âƒ£6ï¸âƒ£ https://t.co/tT6kxTYdNq https://t.co/GAeci6I6Dr"
50,@ForzaPSIS ğŸ˜‚ğŸ˜‚
51,"Kami berangkat pagi ini ke Tangerang. Bismillah! ğŸ˜‡

#PSIS https://t.co/ZYARjHoW93"
52,"Travel squad to Tangerangâœˆï¸
Jemput poin penuh, bawa pulang lagi ke Semarang. Yoh iso yoh!

#PSIS https://t.co/z7Y1KZOk3n"
53,"Seberapa PSIS sih Andreas Ado? ğŸ¤”

Kami challenge Andreas di ""Seberapa PSIS kamu?"" supported by Pop Mie, simak selenâ€¦ https://t.co/BIKF1Piab9"
54,"Sudahi euforia, alih fokus ke pertandingan selanjutnyağŸ”œğŸ’ªğŸ¼

#PSIS https://t.co/jhMTPyq1LB"
55,"ğğ”ğ‘ ğ‡ğ€ğ“ğ“ğ‘ğˆğ‚ğŠ ğ‡ğ„ğ‘ğâš½ï¸âš½ï¸âš½ï¸ @RiyanArdi_02 

#PSIS https://t.co/EQh3JHS5be"
56,Selamat pagi! ğŸ’™ https://t.co/heTtCm6VcP
57,RT @gunturtriaji: ğŸ¦¾ğŸ¦¾ğŸ’™ğŸ’™ğŸ«¡ğŸ«¡ #YohIsoYoh @psisfcofficial https://t.co/reJJ9wk9S4
58,"Kebersamaan yang tidak pernah usai, terimakasih telah berjuang bersama @PanserBiruTweet @Snex2005 ğŸ’™

#PSISDAY https://t.co/Im4Lk63Bx7"
59,"YES BLUES!! ğŸ”µğŸ”µğŸ”µâš¡ï¸

#PSIS https://t.co/LDYqOwwNVg"
60,"Gol Persikabo, 3-2 ğŸ™„

#PSISDAY"
61,"Pergantian pemain:

â¬†ï¸ Damas, Delfin
â¬‡ï¸ Guntur, Aqsha

#PSISDAY"
62,"'83 Rachmat Hidayat.... memilih untuk menyikat bola padahal posisi Taisei kosong. Bola clearance dari bek Persikabo.

#PSISDAY"
63,"Pergantian pemain:

â¬†ï¸ Rachmad 
â¬‡ï¸ Wawan

#PSISDAY"
64,"'70 MEH WE!! Taisei otak atik bola di pertahanan Persikabo, sayang sodorannya masih melebar dari gawang Persikabo. 

#PSISDAY"
65,"Sodoran Ucil dari sisi kanan mampu memecah pertahanan Persikabo, bola dari Ucil berbelok arah terkena Riyan untuk câ€¦ https://t.co/hEb43aJFlz"
66,"HATTRICK DARI RIYAN ARDIYANSYAH!!! âš½ï¸âš½ï¸âš½ï¸

ğŸ”µ3-1âš”ï¸

#PSISDAY"
67,"'51 Tendangan Riyan masih terlalu tinggi dari gawang Persikabo.

#PSISDAY"
68,"Second half underway! âš½ï¸âš½ï¸

#PSISDAY"
69,Setengah main! ğŸ’¥ https://t.co/ST343UMSSV
70,"Tambahan waktu 2 menit babak pertama.

#PSISDAY"
71,"'41 Gol Persikabo 2-1. 

#PSISDAY"
72,"'25 Tendangan Ucil dari sisi kanan gawang Persikabo mampu dimentahkan, tipis dari gawang.

#PSISDAY"
73,"Dalam situasi serangan balik, Taisei kirim umpan akurat kepada Riyan yang bebas. Gol kedua dari Riyan Ardiyansyah!! âš½ï¸âš½ï¸

#PSISDAY"
74,"RIYAN TO THE BRACEEEE!!!! 2-0 âš½ï¸âš½ï¸

#PSISDAY"
75,"Menyambut umpan cut back Wawan, Ucil kirim umpan kepada Riyan di tiang dekat, tanpa ragu langsung menceploskan bolaâ€¦ https://t.co/IKgwUxhGp1"
76,"GOL RIYAN ARDIYANSYAHHHH!!! 1-0 PSIS MEMIMPIN!! 

#PSISDAY"
77,"It's time, kick-off babak pertama!

ğŸ”µğŸ†šâš”ï¸

#PSISDAY"
78,"Panaskan mesinnya, bersiap berjuang hari ini! ğŸ’ªğŸ¼âš¡ï¸

#PSISDAY https://t.co/szD2E4Mzei"
79,"ğŸ”µTeam News

IX: Redondo (GK), Fred Ucil, Dewa, Alie, FrendiÂ©, Aqsha, Guntur, Jonathan, Riyan, Wawan, Taisei

Subs:â€¦ https://t.co/GwbNjBvFp9"
80,"Home. ğŸŸ

#PSISDAY https://t.co/p6QjzfQpFQ"
81,"ğ—¨ğ—¡ğ—Ÿğ—˜ğ—”ğ—¦ğ—› ğ—§ğ—›ğ—˜ ğ— ğ—”ğ—«ğ—œğ— ğ—¨ğ—  ğ—£ğ—¢ğ—ªğ—˜ğ—¥â€¼ï¸

#PSISDAY https://t.co/p2VrDVKFbY"
82,"Kembali berlaga di kandang, maksimalkan perjuangan untuk kembali menang! Hadapi Persikabo, PSIS menang 1-0 pada dueâ€¦ https://t.co/OssO20d1uU"
83,"Kembali ke rumah untuk berjuang demi poin penuh. Jangan biarkan mereka ambil, pasti kita menang, Laskar Mahesa Jenaâ€¦ https://t.co/eUhgc3XfIE"
84,"Selamat pagi! ğŸ™ŒğŸ¼
Fokus kami ke laga vs PersikaboğŸ”œ

#PSIS https://t.co/MgkcYr5yJX"
85,Alfeandra Dewangga catat nama di Best XI Pekan ke-8 BRI Liga 1 2022/23 sekigus dinobatkan menjadi Best Young Playerâ€¦ https://t.co/Fu7d4lMjx2
86,"ğŸŸTiket offline via ticket box tersedia lur! 

Silakan menuju lokasi ticket box di bawah ini untuk dapatkan tiket peâ€¦ https://t.co/fGnO9BBgcK"
87,"ğŸŸTiket PSIS Semarang vs Persikabo 1973 tersedia! Tiket online via tiketcom tersedia barat dan timur, tiket utara daâ€¦ https://t.co/osfnSXtpnD"
88,"ğŸ¬Dibalik layar perjuangan PSIS Semarang di Stadion Manahan kontra Persis Solo

âœ…Tonton selengkapnya di siniâ€¦ https://t.co/d4H06O2TG8"
89,Aqsha Saniskara jalankan peran baru sebagai gelandang bertahan dalam laga lawan Persis Solo di matchday lalu. Terusâ€¦ https://t.co/v8RJdfhmZl
90,"ğŸ“¸ Potret laga lalu, Persis vs PSIS 

#PSIS https://t.co/SzYs0QypLF"
91,"Terimakasih Panser Biru dan Snex yang ikut berjuang pada laga hari ini. Hati-hati di jalan, selamat sampai tujuan.â€¦ https://t.co/AQ8u66PU6I"
92,Full time: 0ï¸âƒ£ - 0ï¸âƒ£ https://t.co/XT7kHbah7T
93,@Paman43405620 admin e gak main soale mas
94,"Pergantian pemain:

â¬†ï¸ Hari Nur
â¬‡ï¸ Wawan

#PSISDAY"
95,ğŸ˜¤ğŸ˜¤ğŸ˜¤ğŸ˜¤
96,"'73 Tendangan spekulasi Jonathan masih melebar.

#PSISDAY"
97,"Pergantian pemain:

â¬†ï¸ Delfin
â¬‡ï¸ Riyan

#PSISDAY"
98,"'64 Taisei hampir membuka keunggulan, sayang tendangannya masih dihalau Riyandi.

#PSISDAY"
99,"Pergantian pemain:
â¬†ï¸ Andreas
â¬‡ï¸ Ofan

#PSISDAY"
100,"'54 Save! Umpan di depan gawang Irfan mampu diamankan Wahyu Rambo. 

#PSISDAY"
101,"Second half underway! âš½ï¸âš½ï¸

ğŸ”´ ğŸ†š ğŸ”µ

#PSISDAY"
102,"Setengah main. âš–ï¸

#PSISDAY https://t.co/YFMdnApOEg"
103,"Tambahan waktu tiga menit babak pertama. 

#PSISDAY"
104,"'39 Link-up Wawan menuju Riyan masih tersapu pemain belakang Persis. Menghasilkan tendangan sudut.

#PSISDAY"
105,"'18 Kembali, tendangan bebas melengkung dadi Jonathan ditepis oleh Riyandi.

#PSISDAY"
106,"'12 Tendangan bebas melengkung Jonathan diblok barisan pemain belakang Persis.

#PSISDAY"
107,"Let's do it, Semarang!! Kick-off babak pertama âš½ï¸âš½ï¸

ğŸ”´ ğŸ†š ğŸ”µ

#PSISDAY"
108,"Kejayaan itu harus diperjuangkan, SEKARANGâ€¼ï¸ğŸ”µğŸ”µ

#PSISDAY https://t.co/ZbzvKlpiU8"
109,"ğŸ”µTeam news!

IX | Wahyu Rambo, Ucil, Aqsha, Alie, FrendiÂ©, Dewa, Jonathan, Ofan, Riyan, Taisei, Wawan

SUBS | Redonâ€¦ https://t.co/sBWxU6S87z"
110,"Long time no see, Manahan Stadium. âœ¨

#PSISDAY https://t.co/DdzPwrPvzy"
111,Hati-hati di jalan untuk yang akan ikut berjuang mendukung Laskar Mahesa Jenar di laga sore ini. We fight togetherâ€¦ https://t.co/DMz5QTQlXc
112,"Kebanggaan yang kembali bertarung untuk bersama-sama meraih kejayaan di hari ini. âš”ï¸

Dinone PSIS, kita menangkan hâ€¦ https://t.co/q2YC3G9UTB"
113,#PSISDAY https://t.co/kFenfng0qE
114,"ğŸ”µTeam News, pre-match press conference

https://t.co/LhAXH993GV 

#PSIS"
115,"ğ“ğ¡ğ ğœğ¥ğšğ¬ğ¬ğ¢ğœ ğ¦ğšğ­ğœğ¡ ğšğ°ğšğ¢ğ­ğ¬ ğ­ğ¨ğ¦ğ¨ğ«ğ«ğ¨ğ°.

Persiapkan yang terbaik hari ini, berjuang sampai dapatkan tujuan. Ayo berikanâ€¦ https://t.co/rtMYGmjc6g"
116,"Terimakasih dukungan DPP Panser Biru, Snex, dan seluruh yang hadir untuk berikan semangat dan suntikan moril pemainâ€¦ https://t.co/6fO93e7sAb"
117,"Travel squad to Soloâœˆï¸

#PSIS https://t.co/BGW1aJ1MgL"
118,"ğŸ”µPenjelasan mengenai cedera Wahyu Prast dan Eka Febri 

ğŸ“° https://t.co/LqPqsUyU2b

#PSIS https://t.co/vRYjiAy0cv"
119,"Very warm welcome, Yos Sonneveld! ğŸ”µ
Eks Arsenal dan Glasgow Celtic e-Sport ini akan memperkuat Tim e-Sport PSIS Semâ€¦ https://t.co/OqXc86lHOh"
120,"Jadi lebih baik setiap harinya. ğŸ’ªğŸ¼

#PSIS https://t.co/47ULEKDeW4"
121,"ğŸ”µ Penjelasan mengenai cedera Carlos Fortes

â¬‡ï¸â¬‡ï¸
https://t.co/QqKevdSiHM"
122,"Hari yang berat di Tangerang. Mohon maaf atas hasil minor ini. ğŸ˜©

#PSISDAY https://t.co/hOyR8STcb6"
123,"Tambahan waktu 5 menit.

#PSISDAY"
124,"'75 Kesempatan melalui Tibo, sayang umpan menuju Wawan masih terlalu dalam mampu diamankan kiper Dewa United.

#PSISDAY"
125,"'70 Pergantian pemain:

â¬†ï¸ Hari Nur, Tibo
â¬‡ï¸ Frendi, Andreas 

#PSISDAY"
126,"Sundulan Wawan umpan dari Ucil melewati garis gawang sempat natap pal. SAMAKAN, MENANGKAN!! 

#PSISDAY"
127,"'59 GOL! Memperkecil ketinggalan lewat sundulan 2-1! AYOOO BANGKIT!!!

#PSISDAY"
128,"'57 Piye to kih... 2-0

#PSISDAY"
129,"'55 Pergantian pemain:

â¬†ï¸ Delfin, Ofan
â¬‡ï¸ Guntur, Rachmad 

#PSISDAY"
130,"Kick-off babak kedua. C'MON SEMARANG!! ğŸ”µâšªï¸

#PSISDAY"
131,"Setengah main.

#PSISDAY https://t.co/ENgeWlMgcs"
132,"Tambahan waktu 2 menit babak pertama.

#PSISDAY"
133,"'38 Pergantian pemain:

â¬†ï¸ Wawan Febrianto
â¬‡ï¸ Riyan Ardiyansyah 

#PSISDAY"
134,"'35 Dewa United gol. 1-0

#PSISDAY"
135,"'29 Sodoran Andreas hasil umpan dari Ucil masih mampu diamankan kiper Dewa United.

#PSISDAY"
136,"'28 SAVE! Redondo amankan tendangan kaki kiri Sugeng Efendi.

#PSISDAY"
137,"Kick-off babak pertama! âš¡ï¸âš½ï¸

#PSISDAY"
138,"Sesaat lagi di lanjutan BRI Liga 1 2022/23, PSIS akan perjuangkan poin penuh di kandang Dewa United. Kirim doa danâ€¦ https://t.co/Zp4PqrpdKZ"
139,"Bersinarlah hari ini, ayo kita bisa ğ’ğ„ğŒğ€ğ‘ğ€ğğ† âš¡ï¸ğŸ”µ

#PSISDAY | @kukubimaenergi https://t.co/NMkpdu0OoC"
140,"âš”ï¸Mereka yang berjuang dari menit awal hari ini.

#PSISDAY https://t.co/91LAXiwnRb"
141,"ğŸ“„Prediksi starting eleven? 

#PSISDAY"
142,"ğŸ“Indomilk Arena, Tangerang.

#PSISDAY https://t.co/uG0vBSibTx"
143,"Tuntaskan rasa penasaran, semoga dilancarkan tiga poin perdana di laga tandang. YOH ISO YOH!! ğŸ”µğŸ”µ

#PSISDAY https://t.co/9UQT3AwHX0"
144,#PSISDAY bismillah dinone tenan. ğŸ¤²ğŸ¼ğŸ’™
145,Our last prep. Yoh iso yoh!! ğŸ’ªğŸ¼ğŸ”µ https://t.co/4a31zfBLtv
146,"ğŸ”µTEAM NEWSğŸ”µ

ğŸ“°Misi rebut 3 poin perdana di laga tandang

https://t.co/dWcjEZ64Vp"
147,"Misi wajib menang, bawa pulang tiga poin dari rumah Dewa United. âš”ï¸âš¡ï¸

ğ‚ğ¨ğ¦ğ ğ¨ğ§ ğ²ğ¨ğ® ğ‹ğšğ¬ğ¤ğšğ« ğŒğšğ¡ğğ¬ğš ğ‰ğğ§ğšğ« ğŸ”µğŸ”µ

#PSIS |â€¦ https://t.co/kPESSzuBLA"
148,"No time wasting. ğŸ¤¸
Lakukan perenggangan setelah perjalanan, siap sambut official training esok hari. ğŸ’ªğŸ¼ https://t.co/5uCkrrbvnB"
149,Halo Tangerang! ğŸ¤ŸğŸ¼ https://t.co/HqOTrqCZGc
150,"Waktunya berangkat menuju Tangerang. ğŸ”œ

Semoga perjalanan lancar, selamat sampai tujuan. https://t.co/Z0GwF3rCV7"
151,âœˆï¸Travel squad to Tangerang https://t.co/cNhUP9d2Ew
152,@CongyangSquad @coffebit ndilalah wae mazzehh ğŸ¥²
153,@coffebit Sabar sek to...
154,"ğŸ”µTeam News

ğŸ“°PSIS dan KFC siap kolaborasi untuk arungi Liga 1 2022/2023

âœ… https://t.co/MOTiy7XD9O https://t.co/nlu2YCsFRj"
155,"Terimakasih Coach Sergio. 

https://t.co/XWS0OOTYbe"
156,Akhir pertandingan di Surabaya dengan hasil yang tidak diharapkan. Kami mohon maaf dan harus segera bangkit. Ayo Seâ€¦ https://t.co/8WshXWkdhj
157,"'90+5 Persebaya cetak gol. 1-0

#PSISDAY"
158,"'90+2 Wahyu Tri lagi!! Save krusial untuk cegah Persebaya mencetak gol lewat Leo Lelis.

#PSISDAY"
159,"'90+1 Tendangan Marukawa masih mampu dihalau Satria Tama

#PSISDAY"
160,"Tambahan waktu 5 menit

#PSISDAY"
161,"Pergantian pemain:

Ofan keluar
Reza masuk

#PSISDAY"
162,"Pergantian pemain:

Andreas keluar
Wawan masuk

#PSISDAY"
163,"'75 WAHYU TRI!! Kembali berhasil mengamankan usaha Juninho dalam mencetak gol, tendangan Juninho mampu di blok dengâ€¦ https://t.co/tkcR3U5uFx"
164,"'71 Tendangan spekulasi Fredyan masih mampu dimentahkan Satria Tama. Ayo serang terosss!!

#PSISDAY"
165,"Pergantian pemain:

Delfin, Guntur keluar
Syiha, Hari Nur masuk

#PSISDAY"
166,"Pergantian pemain:

Redondo keluar,
Wahyu 'Rembo' Tri masuk"
167,"Kick-off babak kedua, AYO SEMARANG!! âš½ï¸âš½ï¸

#PSISDAY"
168,"Setengah main. âš½ï¸

#PSISDAY https://t.co/89Mx6xSCjS"
169,"Tambahan waktu 1 menit babak pertama.

#PSISDAY"
170,"'43 Kembali, Redondo terbang untuk mentahkan usaha dari tendangan Nufiandani

#PSISDAY"
171,"'31 Upaya dari Andreas lewat sundulan sambut umpan Frendi masih terlalu tinggi dari target.

#PSISDAY"
172,"'30 Tendangan jarak jauh dari Fredyan Ucil masih melebar dari gawang Persebaya.

#PSISDAY"
173,"'19 Redondo kembali menggagalkan usaha dari tendangan Nufiandani.

#PSISDAY"
174,"'13 Redondo berhasil menepis laju bola hasil tendangan bebas dari Leo Lelis.

#PSISDAY"
175,"Kick-off babak pertama!

ğŸŸ¢Persebaya Surabaya ğŸ†š PSIS Semarangâšªï¸

#PSISDAY"
176,Sesaat lagi! Lanjutan BRI Liga 1 2022/23 antara PSIS Semarang yang hadapi tuan rumah Persebaya Surabaya akan dimulaâ€¦ https://t.co/2TZkpXoWTD
177,"The time is NOW! âš¡ï¸

#PSISDAY https://t.co/YqGBKSoupz"
178,"Sebelas pertama hari ini kontra Persebaya Surabaya! âš”ï¸

#PSISDAY https://t.co/rxOqxRPkfA"
179,"Prediksi starting 1ï¸âƒ£1ï¸âƒ£? ğŸ¤”

#PSISDAY"
180,"ğŸ“PSIS telah tiba di Gelora Bung Tomo. 

#PSISDAY https://t.co/BsxQUxSwuC"
181,"ğ—§ğ—¼ğ—´ğ—²ğ˜ğ—µğ—²ğ—¿ ğ˜„ğ—² ğ—³ğ—¶ğ—´ğ—µğ˜
ğ—§ğ—¼ğ—´ğ—²ğ˜ğ—µğ—²ğ—¿ ğ˜„ğ—² ğ—°ğ—®ğ—»
ğ—§ğ—¼ğ—´ğ—²ğ˜ğ—µğ—²ğ—¿ ğ—®ğ˜€ BLUE

#PSISDAY! âš”ï¸ğŸ”µ https://t.co/1K62VGwCp7"
182,"ğŸ™ğŸ’¬""Apapun itu saya tetap profesional untuk pertandingan besok. Apalagi bermain di GBT selalu membawa spirit tersendâ€¦ https://t.co/eTGefhxQuy"
183,ğŸ’™ https://t.co/cZgSTu4Wle
184,"Esok berjuang bersama di Surabaya. 
Ayo Semarang!! âš½ï¸ğŸ”µ https://t.co/4fn7vTsk9i"
185,"Travel squad to Surabaya. âœˆï¸
Pemain-pemain yang akan berjuang nanti di Surabaya. Wahyu Prast tidak diberangkatkan kâ€¦ https://t.co/riumajXwQc"
186,4ï¸âƒ£6ï¸âƒ£âš¡ï¸ https://t.co/aF3RGs5qAI
187,"Merah Putih di laga PSIS vs Persik ğŸ‡®ğŸ‡©

@PanserBiruTweet @Snex2005 ğŸ’™ https://t.co/G13glZMwo3"
188,Terimakasih untuk dukungan yang hadir dan terkirim sepanjang laga. Kami yakin kami tidak pernah berjalan sendirianâ€¦ https://t.co/OoVbPJMmj5
189,"Another 3ï¸âƒ£ points at ğŸ 

#PSISDAY https://t.co/ejos1CK2j2"
190,"Tambahan waktu 3 menit.

#PSISDAY"
191,"Pergantian pemain:

Jonathan, Andreas keluar
Ofan, Aqsha masuk

#PSISDAY"
192,"Pergantian pemain:

Dewa keluar, 
Guntur masuk

#PSISDAY"
193,"Pergantian pemain: 

Delfin keluar,
Eka masuk

#PSISDAY"
194,"Kemelut di gawang Persik Kediri mampu di maksimalkan Jonathan untuk menceploskan bola ke gawang. 2-1 quick response!!! ğŸ’¥ğŸ’¥

#PSISDAY"
195,"GOLAZO FROM JONATHAN CANTILLANA ZORRILLAAAA!!!! 2-1

#PSISDAY"
196,"Gol untuk Persik 1-1. 

#PSISDAY"
197,"'54 Krusial! Penyelamatan Redondo hentikan usaha sodoran bola dari Pahabol. 

#PSISDAY"
198,"Pergantian pemain

Wawan masuk,
Hari Nur keluar

#PSISDAY"
199,"Kick-off babak kedua! Tambah atau pertahankan. AYO SEMARANG!! 

PSIS 1 v 0 Persik 

#PSISDAY"
